elevation_axis,g_plot
90.0,-36.545997474293166
89.74965229485396,-36.547995780915535
89.49930458970793,-36.553990706818055
89.24895688456189,-36.5639822592329
88.99860917941585,-36.577970414008846
88.74826147426982,-36.59595506145118
88.49791376912378,-36.6179359308125
88.24756606397774,-36.643912493795035
87.99721835883172,-36.673883847597914
87.74687065368568,-36.707848578265946
87.49652294853963,-36.74580460538817
87.24617524339361,-36.787749009566085
86.99582753824757,-36.833677844536204
86.74547983310153,-36.883585936406504
86.4951321279555,-36.93746667315555
86.24478442280946,-36.99531178836446
85.99443671766342,-37.057111144098336
85.74408901251738,-37.12285251893397
85.49374130737135,-37.19252140832545
85.24339360222531,-37.26610084579829
84.99304589707927,-37.34357125482667
84.74269819193324,-37.42491034264485
84.4923504867872,-37.51009304860694
84.24200278164116,-37.599091560978486
83.99165507649514,-37.691875417127946
83.7413073713491,-37.62405372638726
83.49095966620305,-37.28174316109054
83.24061196105703,-37.00053898701974
82.99026425591099,-36.785651525251396
82.73991655076495,-36.58575306899819
82.48956884561892,-36.40433165530589
82.23922114047288,-36.24312139006216
81.98887343532684,-36.074465635514635
81.73852573018081,-35.92451084118052
81.48817802503477,-35.78669712368029
81.23783031988873,-35.64369259032495
80.9874826147427,-35.513528555280814
80.73713490959666,-35.39491117160987
80.48678720445062,-35.28067777915245
80.2364394993046,-35.168850739636405
79.98609179415855,-35.06683838014496
79.73574408901251,-34.974175731935894
79.48539638386649,-34.89052168588099
79.23504867872045,-34.80835865546068
78.9847009735744,-34.73449181004811
78.73435326842838,-34.669627770750964
78.48400556328234,-34.613738192865654
78.2336578581363,-34.56685165075317
77.98331015299027,-34.52742009431236
77.73296244784423,-34.49473683381884
77.48261474269819,-34.47174787632655
77.23226703755216,-34.458643551135125
76.98191933240612,-34.455649878411506
76.73157162726008,-34.463026671324855
76.48122392211405,-34.48106625987507
76.23087621696801,-34.50890965913755
75.98052851182197,-34.54762836613479
75.73018080667595,-34.598275114511836
75.4798331015299,-34.661261055185804
75.22948539638386,-34.73703130248246
74.97913769123784,-34.82606648129072
74.7287899860918,-34.92888473599538
74.47844228094576,-35.04604422181226
74.22809457579972,-35.17791890767587
73.97774687065369,-35.32519203335102
73.72739916550765,-35.488844063304356
73.47705146036162,-35.669620923290516
73.22670375521558,-35.86832960951114
72.97635605006954,-36.08584452672759
72.7260083449235,-36.3231147401251
72.47566063977747,-36.5811722419766
72.22531293463143,-36.86114133658002
71.97496522948539,-37.16424923950134
71.72461752433937,-37.491817453104495
71.47426981919332,-37.84531971035326
71.22392211404728,-38.22638388256698
70.97357440890126,-38.636771653748845
70.72322670375522,-39.078417199722836
70.47287899860918,-39.55344145739313
70.22253129346313,-40.06416290353781
69.97218358831711,-40.613100558524
69.72183588317107,-41.202961680100444
69.47148817802503,-41.83660100908016
69.221140472879,-42.51692876496581
68.97079276773296,-43.246727969403956
68.72044506258692,-44.02826130475256
68.47009735744089,-44.862686417244376
68.21974965229485,-45.74916568270722
67.96940194714881,-46.68279068437571
67.71905424200278,-47.651717505756885
67.46870653685674,-48.63278685386159
67.2183588317107,-49.58614102718994
66.96801112656468,-50.45143913549811
66.71766342141864,-51.15204241551631
66.4673157162726,-51.61471850852491
66.21696801112657,-51.8016186076563
65.96662030598053,-51.731665084247666
65.71627260083449,-51.47043373674921
65.46592489568846,-51.098865042134236
65.21557719054242,-50.6872757062033
64.96522948539638,-50.28578135054558
64.71488178025035,-49.92595844428169
64.46453407510431,-49.62612936761422
64.21418636995827,-49.3962707526326
63.96383866481224,-49.241534578565236
63.7134909596662,-49.164490519001546
63.46314325452016,-49.166475627959166
63.212795549374135,-49.248378831084295
62.962447844228095,-49.41107987984516
62.712100139082054,-49.655672925469894
62.46175243393603,-49.98354081118145
62.21140472878999,-50.39629818383699
61.961057023643946,-50.89557744220909
61.71070931849792,-51.482578414209556
61.46036161335188,-52.157225807348205
61.21001390820584,-52.916663211998284
60.959666203059804,-53.7526597310265
60.70931849791377,-54.647393068307345
60.45897079276773,-55.567296011453365
60.208623087621696,-56.4530491028724
59.95827538247566,-57.22565842677215
59.70792767732962,-57.79282777054214
59.45757997218359,-58.08486231852229
59.207232267037554,-58.09122498872549
58.95688456189151,-57.86450882901191
58.70653685674548,-57.486909744046415
58.456189151599446,-57.032203129668474
58.205841446453405,-56.54751272683965
57.95549374130737,-56.05278927774036
57.70514603616134,-55.54772081799094
57.4547983310153,-55.02007183058471
57.20445062586926,-54.45368034674599
56.95410292072323,-53.835527263349704
56.70375521557719,-53.160877338696324
56.453407510431155,-52.43531283744872
56.20305980528512,-51.67339731737821
55.95271210013908,-50.895116926750674
55.70236439499305,-50.12192705966942
55.45201668984701,-49.373784349326776
55.20166898470097,-48.667607175124715
54.95132127955494,-48.016917586709106
54.7009735744089,-47.4321878842392
54.450625869262865,-46.92077412746581
54.20027816411683,-46.48979840882865
53.94993045897079,-46.14459829633434
53.69958275382476,-45.88966266280509
53.44923504867872,-45.72906215892019
53.19888734353268,-45.666509590177355
52.94853963838665,-45.70510928397277
52.698191933240615,-45.84659616271108
52.447844228094574,-46.08967750598257
52.19749652294854,-46.42678981279434
51.94714881780251,-46.83823158722416
51.696801112656466,-47.28273256542631
51.44645340751043,-47.68586709302316
51.1961057023644,-47.935700005203095
50.94575799721836,-47.90652484917237
50.695410292072324,-47.52054121501172
50.445062586926284,-46.801846796459856
50.19471488178025,-45.85909091182131
49.944367176634216,-44.81883431189313
49.694019471488176,-43.77876244345408
49.44367176634214,-42.79908778946903
49.19332406119611,-41.912066975131005
48.94297635605007,-41.13324607477375
48.692628650904034,-40.4693920683571
48.442280945758,-39.92320385803715
48.19193324061196,-39.495919784534124
47.941585535465926,-39.1887228691303
47.69123783031989,-39.003488340869254
47.44089012517385,-38.94315417839653
47.19054242002782,-39.01181185408766
46.940194714881784,-39.21439201467013
46.68984700973574,-39.555810405408536
46.43949930458971,-40.03862561598411
46.18915159944367,-40.65758566714145
45.938803894297635,-41.38784070337773
45.6884561891516,-42.16211737232167
45.43810848400556,-42.838177890805156
45.18776077885953,-43.191093172707646
44.93741307371349,-43.01130314692758
44.68706536856745,-42.28323857725902
44.43671766342142,-41.20213490703223
44.186369958275385,-40.00141868994666
43.936022253129345,-38.83709606173233
43.68567454798331,-37.78650723542597
43.43532684283728,-36.880823185729135
43.184979137691236,-36.12964103150702
42.9346314325452,-35.53406333082061
42.68428372739917,-35.09284895511396
42.43393602225313,-34.80516091033577
42.183588317107095,-34.671733927535925
41.933240611961054,-34.69525212471348
41.68289290681502,-34.880134695910385
41.43254520166899,-35.23143500846922
41.182197496522946,-35.75181604966554
40.93184979137691,-36.43407750391602
40.68150208623088,-37.2439521663094
40.43115438108484,-38.08564951223944
40.180806675938804,-38.756084884788244
39.93045897079277,-38.96021212423111
39.68011126564673,-38.505087594517136
39.429763560500696,-37.50406736782265
39.17941585535466,-36.25194600749674
38.92906815020862,-34.98888567071584
38.67872044506259,-33.84006685010349
38.428372739916554,-32.85561632687901
38.17802503477051,-32.05077233670403
37.92767732962448,-31.42758667617963
37.677329624478446,-30.984728155354325
37.426981919332405,-30.721651873701752
37.17663421418637,-30.640325024092803
36.92628650904033,-30.74582049959249
36.6759388038943,-31.046034746620585
36.425591098748264,-31.549258498509012
36.17524339360222,-32.259415422698694
35.92489568845619,-33.15844278252284
35.674547983310156,-34.164250199693385
35.424200278164115,-35.05080235667607
35.17385257301808,-35.40827979031513
34.92350486787205,-34.90624854584002
34.67315716272601,-33.69494542993904
34.42280945757997,-32.208003707260545
34.17246175243394,-30.757784406508087
33.9221140472879,-29.478501603309176
33.671766342141865,-28.410429161522046
33.42141863699583,-27.558559462415595
33.17107093184979,-26.918111370811367
32.92072322670376,-26.48414733990318
32.670375521557716,-26.254954566517437
32.42002781641168,-26.23299287857745
32.16968011126565,-26.42442869203071
31.919332406119608,-26.83644922272208
31.668984700973574,-27.468767843735492
31.41863699582754,-28.28942173413236
31.1682892906815,-29.174247332188095
30.917941585535466,-29.805093134535966
30.667593880389433,-29.694386273576306
30.417246175243392,-28.633245745108447
30.166898470097358,-26.975181935785127
29.916550764951324,-25.177552485015653
29.666203059805284,-23.483818632939027
29.41585535465925,-21.974793451985406
29.165507649513216,-20.662398474302222
28.915159944367176,-19.53608766044561
28.664812239221142,-18.58026900476608
28.41446453407511,-17.780074633674744
28.164116828929068,-17.12296273095478
27.913769123783034,-16.598917304817473
27.663421418636993,-16.200227832218175
27.41307371349096,-15.921189263526717
27.162726008344926,-15.757834026714676
26.912378303198885,-15.707727133196611
26.66203059805285,-15.769828872777971
26.411682892906818,-15.944422830473034
26.161335187760777,-16.23310769520392
25.910987482614743,-16.638855237814642
25.660639777468703,-17.166142752682166
25.410292072322676,-17.821176467448673
25.159944367176635,-18.61223416328698
24.909596662030594,-19.550172729521975
24.659248956884568,-20.649173006733257
24.408901251738527,-21.927834326249858
24.158553546592486,-23.410785936490363
23.90820584144646,-25.131029496147256
23.65785813630042,-27.133118993155907
23.40751043115438,-29.476260361749116
23.15716272600835,-32.230592934625044
22.90681502086231,-35.42940986982681
22.65646731571627,-38.805589289127504
22.406119610570244,-41.08648564849655
22.155771905424203,-41.04243461762775
21.905424200278162,-40.00686427993504
21.655076495132136,-39.21328829578227
21.404728789986095,-38.91551261607412
21.154381084840054,-39.082789001641984
20.904033379694013,-39.63822969792236
20.653685674547987,-40.490097807260234
20.403337969401946,-41.519010760175895
20.152990264255905,-42.56922831286822
19.90264255910988,-43.47951725494437
19.652294853963838,-44.15561408312345
19.401947148817797,-44.594571131367026
19.15159944367177,-44.78188791424011
18.90125173852573,-44.561561678687234
18.65090403337969,-43.707597038735706
18.400556328233662,-42.22970917743307
18.15020862308762,-40.4371704922978
17.89986091794158,-38.655875354358805
17.649513212795554,-37.072940790808715
17.399165507649514,-35.76651236230876
17.148817802503473,-34.76365108242645
16.898470097357446,-34.07446064622201
16.648122392211405,-33.7082457537636
16.397774687065365,-33.68136718714165
16.147426981919338,-34.02149019183752
15.897079276773297,-34.76767932398294
15.646731571627257,-35.95354739331176
15.39638386648123,-37.51272511529871
15.14603616133519,-38.91999510027729
14.895688456189148,-38.84718885670824
14.645340751043122,-36.95799731090405
14.394993045897081,-34.58493899667866
14.14464534075104,-32.50463192386074
13.894297635605014,-30.86528141055657
13.643949930458973,-29.64855161705411
13.393602225312932,-28.81805143059534
13.143254520166906,-28.350230312207607
12.892906815020865,-28.23941825512452
12.642559109874824,-28.498718831375037
12.392211404728798,-29.16036997876693
12.141863699582757,-30.270314862560127
11.891515994436716,-31.845415530397638
11.641168289290675,-33.65276556517293
11.390820584144649,-34.59045421386076
11.140472878998608,-33.34818518703335
10.890125173852567,-30.936230935687497
10.63977746870654,-28.64357919451689
10.3894297635605,-26.802514778933034
10.13908205841446,-25.413642871849564
9.888734353268433,-24.42919808500878
9.638386648122392,-23.81127045456089
9.388038942976351,-23.53944552070231
9.137691237830325,-23.609398724151742
8.887343532684284,-24.029233920980694
8.636995827538243,-24.809758370093302
8.386648122392216,-25.93056596284973
8.136300417246176,-27.227374799709573
7.885952712100135,-28.145031754451765
7.635605006954108,-27.833181114614064
7.385257301808068,-26.303543035984863
7.134909596662027,-24.409333178601365
6.884561891516,-22.696304974861828
6.6342141863699595,-21.323801574251355
6.383866481223919,-20.310228063392362
6.133518776077892,-19.643081916906173
5.883171070931851,-19.311209492924643
5.632823365785811,-19.312288736178658
5.382475660639784,-19.651512167354056
5.132127955493743,-20.330512373558552
4.881780250347703,-21.308839282936734
4.631432545201676,-22.3906404793931
4.381084840055635,-23.029337768261925
4.1307371349095945,-22.52825305316948
3.880389429763568,-20.984152325526495
3.630041724617527,-19.12792244417952
3.3796940194714864,-17.431266892480256
3.12934631432546,-16.0473607704033
2.878998609179419,-15.004031832437807
2.6286509040333783,-14.29890004395588
2.3783031988873375,-13.931045629242307
2.127955493741311,-13.911001158094388
1.8776077885952702,-14.263309772228354
1.6272600834492295,-15.01998402450558
1.376912378303203,-16.176807073450526
1.1265646731571621,-17.49872307628706
0.8762169680111214,-18.038021201371926
0.6258692628650948,-16.647562047999784
0.37552155771905404,-14.040204806434334
0.12517385257301328,-11.390792160782038
-0.12517385257301328,-9.07878445942271
-0.37552155771905404,-7.130476752535217
-0.6258692628650948,-5.500325279294245
-0.8762169680111214,-4.140606857063798
-1.1265646731571621,-3.0134185859359928
-1.376912378303203,-2.0905396866949157
-1.6272600834492295,-1.3514028784806609
-1.8776077885952702,-0.781267734182709
-2.127955493741311,-0.36989455341279687
-2.3783031988873375,-0.11065781434634481
-2.6286509040333783,0.0
-2.878998609179419,-0.03715355781980101
-3.1293463143254456,-0.22409410318632084
-3.3796940194714864,-0.5657229089451246
-3.630041724617527,-1.0703148040051325
-3.8803894297635537,-1.7503172000187028
-4.1307371349095945,-2.623660067285485
-4.381084840055635,-3.715853487369797
-4.631432545201662,-5.063321029144127
-4.881780250347703,-6.718557737722793
-5.132127955493743,-8.757038878205748
-5.38247566063977,-11.279079050499714
-5.632823365785811,-14.351688510274517
-5.883171070931851,-17.5555704042156
-6.133518776077892,-18.77949921854093
-6.383866481223919,-17.18198857907948
-6.6342141863699595,-15.172277688166414
-6.884561891516,-13.701886161229963
-7.134909596662027,-12.803754569896514
-7.385257301808068,-12.396276711283228
-7.635605006954108,-12.421002504881352
-7.885952712100135,-12.853994783888878
-8.136300417246176,-13.704729213764416
-8.386648122392216,-15.01967470121713
-8.636995827538243,-16.893533311128877
-8.887343532684284,-19.478149566639715
-9.137691237830325,-22.848954711883565
-9.388038942976351,-25.670081931375712
-9.638386648122392,-24.376031749354325
-9.888734353268433,-21.41281383191506
-10.13908205841446,-19.119424613160376
-10.3894297635605,-17.59089065127179
-10.63977746870654,-16.668143834171133
-10.890125173852567,-16.24111855030038
-11.140472878998608,-16.25296379177498
-11.390820584144649,-16.68761536458083
-11.641168289290675,-17.565632269108058
-11.891515994436716,-18.94947637637975
-12.141863699582757,-20.956903463392553
-12.392211404728783,-23.751608291638334
-12.642559109874824,-27.163885020693385
-12.892906815020865,-28.5039570851451
-13.143254520166892,-25.863243289782325
-13.393602225312932,-22.96611075643538
-13.643949930458973,-20.885241219993183
-13.894297635605,-19.51055678544753
-14.14464534075104,-18.693423483702325
-14.394993045897081,-18.344589998057945
-14.645340751043108,-18.422517178171006
-14.895688456189148,-18.923075238496175
-15.14603616133519,-19.878298580604056
-15.39638386648123,-21.363928237541774
-15.646731571627257,-23.510376947905925
-15.897079276773297,-26.445737658150144
-16.147426981919338,-29.535119840243524
-16.397774687065365,-29.38539944843062
-16.648122392211405,-26.378878798457343
-16.898470097357446,-23.697719528478096
-17.148817802503473,-21.799065297141766
-17.399165507649514,-20.542114410837584
-17.649513212795554,-19.800643940444736
-17.89986091794158,-19.50189011771504
-18.15020862308762,-19.614465918632945
-18.400556328233662,-20.14062973544803
-18.65090403337969,-21.11617654386725
-18.90125173852573,-22.616350664822114
-19.15159944367177,-24.75476319102269
-19.401947148817797,-27.561087600357126
-19.652294853963838,-30.03959582242271
-19.90264255910988,-29.258179247921397
-20.152990264255905,-26.41942581814124
-20.403337969401946,-23.932101501506242
-20.653685674547987,-22.131514000484252
-20.904033379694013,-20.912692514621046
-21.154381084840054,-20.173274451357447
-21.404728789986095,-19.852064724987905
-21.65507649513212,-19.922554873323868
-21.905424200278162,-20.387477888489773
-22.155771905424203,-21.278372486148925
-22.40611961057023,-22.657658168554832
-22.65646731571627,-24.605640618652416
-22.90681502086231,-27.077043015985716
-23.157162726008337,-29.11693575865768
-23.40751043115438,-28.439475483210785
-23.65785813630042,-25.876016203117548
-23.908205841446446,-23.454548781205375
-24.158553546592486,-21.606906538232117
-24.408901251738527,-20.286307189396073
-24.659248956884568,-19.410189003795608
-24.909596662030594,-18.922293359403962
-25.159944367176635,-18.793981592893985
-25.410292072322676,-19.02022872153846
-25.660639777468703,-19.617286772637023
-25.910987482614743,-20.619453354335555
-26.161335187760784,-22.059280015987376
-26.41168289290681,-23.859189389090666
-26.66203059805285,-25.408175335504218
-26.912378303198892,-25.226886107808575
-27.16272600834492,-23.16529419508067
-27.41307371349096,-20.701762285078274
-27.663421418637,-18.539269051357685
-27.913769123783027,-16.771244227382955
-28.164116828929068,-15.351966103516675
-28.41446453407511,-14.224532018719684
-28.664812239221135,-13.343039384903193
-28.915159944367176,-12.673303966882855
-29.165507649513216,-12.190283619199791
-29.415855354659243,-11.87567915294305
-29.666203059805284,-11.71617956652703
-29.916550764951324,-11.702257416415945
-30.16689847009735,-11.827363095472833
-30.417246175243392,-12.087401144544916
-30.667593880389433,-12.480411445862046
-30.91794158553546,-13.006409135226523
-31.1682892906815,-13.667360342111389
-31.41863699582754,-14.467289930261732
-31.668984700973567,-15.412535877820703
-31.919332406119608,-16.512186532377772
-32.16968011126565,-17.778766016920823
-32.420027816411675,-19.229274393638843
-32.670375521557716,-20.886744744263993
-32.92072322670376,-22.78252852671355
-33.17107093184978,-24.959425424564248
-33.421418636995824,-27.47481792122201
-33.671766342141865,-30.397509349849955
-33.922114047287906,-33.76331321537355
-34.17246175243393,-37.32642358347015
-34.42280945757997,-39.86120384599666
-34.673157162726014,-40.070256865866796
-34.92350486787204,-39.21546582473226
-35.17385257301808,-38.57789328989224
-35.42420027816412,-38.44047473644663
-35.67454798331015,-38.78908776883898
-35.92489568845619,-39.569218988371425
-36.17524339360223,-40.723682844014505
-36.42559109874826,-42.173151025827536
-36.6759388038943,-43.764333637974865
-36.92628650904034,-45.20291494665195
-37.176634214186365,-46.09427154620768
-37.426981919332405,-46.23992153975385
-37.677329624478446,-45.82283776514889
-37.92767732962447,-45.133204313658425
-38.17802503477051,-44.328721877841396
-38.42837273991654,-43.45343768401779
-38.678720445062595,-42.52326023920251
-38.92906815020862,-41.57201689955417
-39.17941585535465,-40.653236099939036
-39.4297635605007,-39.82367682557351
-39.68011126564673,-39.13050388272495
-39.930458970792756,-38.60783011746533
-40.18080667593881,-38.278982046531326
-40.43115438108484,-38.16013332637434
-40.681502086230864,-38.26280405607912
-40.93184979137692,-38.593609484124954
-41.182197496522946,-39.14867399181711
-41.43254520166897,-39.89685442520167
-41.68289290681503,-40.741536324079064
-41.933240611961054,-41.461862227925025
-42.18358831710708,-41.71531863010378
-42.433936022253135,-41.26709979340902
-42.68428372739916,-40.25289432329078
-42.93463143254519,-39.0164618998495
-43.18497913769124,-37.82018834187507
-43.43532684283727,-36.789672532919404
-43.6856745479833,-35.96965113568962
-43.93602225312935,-35.37061979444454
-44.18636995827538,-34.991755896968826
-44.436717663421405,-34.830521686264966
-44.68706536856746,-34.88636209816162
-44.937413073713486,-35.16173195562987
-45.18776077885951,-35.6612257168346
-45.43810848400557,-36.387595955456895
-45.688456189151594,-37.33023923334027
-45.93880389429762,-38.43541801981745
-46.189151599443676,-39.54224806738766
-46.4394993045897,-40.309926724095426
-46.68984700973573,-40.33353990638321
-46.940194714881784,-39.55852582059335
-47.19054242002781,-38.35119024603879
-47.440890125173865,-37.08526459121605
-47.69123783031989,-35.95274428574295
-47.94158553546592,-35.020772818896404
-48.191933240611974,-34.30308241846364
-48.442280945758,-33.79566860693857
-48.69262865090403,-33.49096324032671
-48.94297635605008,-33.38296975710991
-49.19332406119611,-33.46893184868937
-49.443671766342135,-33.74958365757196
-49.69401947148819,-34.22841295212647
-49.944367176634216,-34.90922124550557
-50.19471488178024,-35.78949764185575
-50.4450625869263,-36.84344146459235
-50.695410292072324,-37.98272514214
-50.94575799721835,-38.98958207238719
-51.196105702364406,-39.498216909245684
-51.44645340751043,-39.22705220228149
-51.69680111265646,-38.30042828749089
-51.947148817802514,-37.092465810183676
-52.19749652294854,-35.88975323585425
-52.44784422809457,-34.82475020945012
-52.69819193324062,-33.94061790014514
-52.94853963838665,-33.243525366683734
-53.198887343532675,-32.72730241998368
-53.44923504867873,-32.38325231345358
-53.69958275382476,-32.20369474232922
-53.94993045897078,-32.183007948005184
-54.20027816411684,-32.31759951180883
-54.450625869262865,-32.60519340359977
-54.70097357440889,-33.04322959951451
-54.951321279554946,-33.62558002543017
-55.20166898470097,-34.335920223845875
-55.452016689847,-35.13506614304718
-55.702364394993054,-35.94034894061135
-55.95271210013908,-36.605249838756315
-56.20305980528511,-36.936433025622875
-56.45340751043116,-36.79367763000986
-56.70375521557719,-36.20477563678489
-56.954102920723216,-35.33895854377983
-57.20445062586927,-34.37869305050001
-57.4547983310153,-33.446772763572206
-57.705146036161324,-32.607058751681684
-57.95549374130738,-31.886406394665762
-58.205841446453405,-31.29309873402712
-58.45618915159943,-30.827150734444928
-58.70653685674549,-30.48544932272729
-58.95688456189151,-30.26412903760901
-59.20723226703754,-30.159548687857146
-59.457579972183595,-30.16852363523983
-59.70792767732962,-30.288061639576718
-59.95827538247565,-30.51459602524305
-60.2086230876217,-30.84249681611771
-60.45897079276773,-31.261407674692578
-60.709318497913756,-31.751734324233098
-60.95966620305981,-32.27770583317843
-61.21001390820584,-32.77886297522339
-61.460361613351864,-33.16549096636356
-61.71070931849792,-33.330923889282644
-61.961057023643946,-33.191252429697
-62.21140472878997,-32.73269606450278
-62.46175243393603,-32.01964711353169
-62.712100139082054,-31.153961186300023
-62.96244784422808,-30.22906748587264
-63.212795549374135,-29.31007030308664
-63.46314325452016,-28.43500983822134
-63.71349095966619,-27.623054341252974
-63.96383866481224,-26.882033258988358
-64.21418636995827,-26.21353487772948
-64.4645340751043,-25.61594910894148
-64.71488178025035,-25.086173809792506
-64.96522948539638,-24.620535678760724
-65.2155771905424,-24.215270379844107
-65.46592489568846,-23.866761053349457
-65.71627260083449,-23.571646461866447
-65.96662030598054,-23.326860022657307
-66.21696801112657,-23.12963323049974
-66.4673157162726,-22.977481705381102
-66.71766342141865,-22.868183707686832
-66.96801112656468,-22.79975634759193
-67.2183588317107,-22.770432176499128
-67.46870653685676,-22.778637457140412
-67.71905424200278,-22.82297265465472
-67.96940194714881,-22.902195291153525
-68.21974965229487,-23.01520510373885
-68.47009735744089,-23.161031352591444
-68.72044506258692,-23.33882209209898
-68.97079276773297,-23.547835216209087
-69.221140472879,-23.78743110367665
-69.47148817802503,-24.057066710992395
-69.72183588317108,-24.356290985851842
-69.97218358831711,-24.684741499612493
-70.22253129346313,-25.04214222209963
-70.47287899860919,-25.428302385830683
-70.72322670375522,-25.8431164090159
-70.97357440890124,-26.28656486739112
-71.2239221140473,-26.758716523754458
-71.47426981919332,-27.2597314403532
-71.72461752433935,-27.78986521172388
-71.9749652294854,-28.349474361861652
-72.22531293463143,-28.939022945593027
-72.47566063977746,-29.559090372758156
-72.72600834492351,-30.210380423539725
-72.97635605006954,-30.893731324400584
-73.22670375521557,-31.61012657382974
-73.47705146036162,-32.360705890530134
-73.72739916550765,-33.14677511140909
-73.97774687065368,-33.96981293641152
-74.22809457579973,-34.831470836075354
-74.47844228094576,-35.73355975200351
-74.72878998609178,-36.67801265512468
-74.97913769123784,-37.666804263613116
-75.22948539638386,-38.70179605462584
-75.47983310152989,-39.78445256816445
-75.73018080667595,-40.91533860222306
-75.98052851182197,-42.09324991008364
-76.230876216968,-43.31375022967238
-76.48122392211405,-44.566806109018415
-76.73157162726008,-45.83322809411616
-76.98191933240611,-47.080039405003824
-77.23226703755216,-48.256302570698274
-77.48261474269819,-49.293794521881324
-77.73296244784422,-50.1193129745642
-77.98331015299027,-50.68052772988771
-78.2336578581363,-50.97159827687936
-78.48400556328232,-51.03628033831503
-78.73435326842838,-50.94543916413092
-78.9847009735744,-50.76949035772209
-79.23504867872043,-50.562980102544934
-79.48539638386649,-50.36201495154083
-79.73574408901251,-50.1878900222033
-79.98609179415854,-50.05182499540757
-80.2364394993046,-49.95878670200903
-80.48678720445062,-49.910025101497084
-80.73713490959665,-49.9047746605082
-80.9874826147427,-49.94137461799065
-81.23783031988873,-50.017545494174776
-81.48817802503476,-50.13083183014993
-81.73852573018081,-50.278776151095165
-81.98887343532684,-50.45900873454879
-82.23922114047286,-50.669288797265345
-82.48956884561892,-50.907425866287724
-82.73991655076495,-51.17148656191136
-82.99026425591097,-51.45968941747753
-83.24061196105703,-51.7703139987466
-83.49095966620305,-52.10162021137818
-83.74130737134908,-52.4521093078179
-83.99165507649514,-52.820227531534414
-84.24200278164116,-53.20366600352411
-84.49235048678722,-53.601709366701826
-84.74269819193324,-54.01263311024953
-84.99304589707927,-54.43497799656967
-85.24339360222532,-54.86716115093996
-85.49374130737135,-55.30748214533381
-85.74408901251738,-55.75410961392207
-85.99443671766343,-56.2050537420268
-86.24478442280946,-56.65813045159657
-86.49513212795549,-57.11092122819634
-86.74547983310154,-57.560730419767076
-86.99582753824757,-58.00454190296295
-87.2461752433936,-58.438978167308115
-87.49652294853965,-58.86026663366346
-87.74687065368568,-59.264220233780634
-87.9972183588317,-59.646241683142
-88.24756606397776,-60.00136295192465
-88.49791376912378,-60.32433226880898
-88.74826147426981,-60.60975931774825
-88.99860917941587,-60.852323779604205
-89.24895688456189,-61.04704226852876
-89.49930458970792,-61.18957472899039
-89.74965229485397,-61.2765364194428
-90.0,-61.30577070257362
