link,azimuth_bs_imt,elevation_bs_imt,azimuth_ep_fs,elevation_ep_fs,path_loss_db
EP01-Cell0001,-71.1,-0.5,0,0.5,235.7
EP01-Cell0002,-191.1,-0.5,-120,0.5,235.7
EP01-Cell0003,-311.1,-0.5,-240,0.5,235.7
EP01-Cell0004,-76.3,-0.5,-5.2,0.5,239.2
EP01-Cell0005,-196.3,-0.5,-125.2,0.5,239.2
EP01-Cell0006,-316.3,-0.5,-245.2,0.5,239.2
EP01-Cell0007,-64.9,-0.3,6.2,0.3,243
EP01-Cell0008,-184.9,-0.3,-113.8,0.3,243
EP01-Cell0009,-304.9,-0.3,-233.8,0.3,243
EP01-Cell0010,-78.7,-0.8,-7.6,0.8,218
EP01-Cell0011,-198.7,-0.8,-127.6,0.8,218
EP01-Cell0012,-318.7,-0.8,-247.6,0.8,218
EP01-Cell0013,-73,-0.8,-1.9,0.8,198.7
EP01-Cell0014,-193,-0.8,-121.9,0.8,198.7
EP01-Cell0015,-313,-0.8,-241.9,0.8,198.7
EP01-Cell0016,-69.7,-0.3,1.4,0.3,239.3
EP01-Cell0017,-189.7,-0.3,-118.6,0.3,239.3
EP01-Cell0018,-309.7,-0.3,-238.6,0.3,239.3
EP01-Cell0019,-64.1,-0.4,7,0.4,236.9
EP01-Cell0020,-184.1,-0.4,-113,0.4,236.9
EP01-Cell0021,-304.1,-0.4,-233,0.4,236.9
EP01-Cell0022,-80.7,-0.4,-9.6,0.4,241.6
EP01-Cell0023,-200.7,-0.4,-129.6,0.4,241.6
EP01-Cell0024,-320.7,-0.4,-249.6,0.4,241.6
EP01-Cell0025,-86.7,-1,-15.6,1,226.1
EP01-Cell0026,-206.7,-1,-135.6,1,226.1
EP01-Cell0027,-326.7,-1,-255.6,1,226.1
EP01-Cell0028,-75.5,-0.3,-4.4,0.3,197.5
EP01-Cell0029,-195.5,-0.3,-124.4,0.3,197.5
EP01-Cell0030,-315.5,-0.3,-244.4,0.3,197.5
EP01-Cell0031,-57.5,-0.6,13.6,0.6,233.2
EP01-Cell0032,-177.5,-0.6,-106.4,0.6,233.2
EP01-Cell0033,-297.5,-0.6,-226.4,0.6,233.2
EP01-Cell0034,-57.9,0,13.2,0,242.9
EP01-Cell0035,-177.9,0,-106.8,0,242.9
EP01-Cell0036,-297.9,0,-226.8,0,242.9
EP01-Cell0037,-68.6,-0.1,2.5,0.1,247.6
EP01-Cell0038,-188.6,-0.1,-117.5,0.1,247.6
EP01-Cell0039,-308.6,-0.1,-237.5,0.1,247.6
EP01-Cell0040,-83.3,-0.4,-12.2,0.4,246
EP01-Cell0041,-203.3,-0.4,-132.2,0.4,246
EP01-Cell0042,-323.3,-0.4,-252.2,0.4,246
EP01-Cell0043,-81.8,-0.9,-10.7,0.9,198.4
EP01-Cell0044,-201.8,-0.9,-130.7,0.9,198.4
EP01-Cell0045,-321.8,-0.9,-250.7,0.9,198.4
EP01-Cell0046,-65.9,-0.5,5.2,0.5,224.8
EP01-Cell0047,-185.9,-0.5,-114.8,0.5,224.8
EP01-Cell0048,-305.9,-0.5,-234.8,0.5,224.8
EP01-Cell0049,-57.7,-0.1,13.4,0.1,245.8
EP01-Cell0050,-177.7,-0.1,-106.6,0.1,245.8
EP01-Cell0051,-297.7,-0.1,-226.6,0.1,245.8
EP01-Cell0052,-63.5,0,7.6,0,246.7
EP01-Cell0053,-183.5,0,-112.4,0,246.7
EP01-Cell0054,-303.5,0,-232.4,0,246.7
EP01-Cell0055,-74.4,-0.5,-3.3,0.5,242
EP01-Cell0056,-194.4,-0.5,-123.3,0.5,242
EP01-Cell0057,-314.4,-0.5,-243.3,0.5,242
EP02-Cell0001,-85.8,-0.6,0,0.6,231.4
EP02-Cell0002,-205.8,-0.6,-120,0.6,231.4
EP02-Cell0003,-325.8,-0.6,-240,0.6,231.4
EP02-Cell0004,-89.2,-0.6,-3.4,0.6,242.4
EP02-Cell0005,-209.2,-0.6,-123.4,0.6,242.4
EP02-Cell0006,-329.2,-0.6,-243.4,0.6,242.4
EP02-Cell0007,-81.8,-0.4,4,0.4,243.5
EP02-Cell0008,-201.8,-0.4,-116,0.4,243.5
EP02-Cell0009,-321.8,-0.4,-236,0.4,243.5
EP02-Cell0010,-92.5,-0.8,-6.7,0.8,210.8
EP02-Cell0011,-212.5,-0.8,-126.7,0.8,210.8
EP02-Cell0012,-332.5,-0.8,-246.7,0.8,210.8
EP02-Cell0013,-89.2,-0.9,-3.4,0.9,200
EP02-Cell0014,-209.2,-0.9,-123.4,0.9,200
EP02-Cell0015,-329.2,-0.9,-243.4,0.9,200
EP02-Cell0016,-83.1,-0.4,2.7,0.4,237
EP02-Cell0017,-203.1,-0.4,-117.3,0.4,237
EP02-Cell0018,-323.1,-0.4,-237.3,0.4,237
EP02-Cell0019,-79.3,-0.5,6.5,0.5,233.7
EP02-Cell0020,-199.3,-0.5,-113.5,0.5,233.7
EP02-Cell0021,-319.3,-0.5,-233.5,0.5,233.7
EP02-Cell0022,-91.9,-0.5,-6.1,0.5,243.1
EP02-Cell0023,-211.9,-0.5,-126.1,0.5,243.1
EP02-Cell0024,-331.9,-0.5,-246.1,0.5,243.1
EP02-Cell0025,-99.1,-1,-13.3,1,225.7
EP02-Cell0026,-219.1,-1,-133.3,1,225.7
EP02-Cell0027,-339.1,-1,-253.3,1,225.7
EP02-Cell0028,-93.4,-0.5,-7.6,0.5,211.5
EP02-Cell0029,-213.4,-0.5,-127.6,0.5,211.5
EP02-Cell0030,-333.4,-0.5,-247.6,0.5,211.5
EP02-Cell0031,-76.8,-0.7,9,0.7,216.8
EP02-Cell0032,-196.8,-0.7,-111,0.7,216.8
EP02-Cell0033,-316.8,-0.7,-231,0.7,216.8
EP02-Cell0034,-72.9,-0.2,12.9,0.2,242.9
EP02-Cell0035,-192.9,-0.2,-107.1,0.2,242.9
EP02-Cell0036,-312.9,-0.2,-227.1,0.2,242.9
EP02-Cell0037,-80.9,-0.2,4.9,0.2,247.5
EP02-Cell0038,-200.9,-0.2,-115.1,0.2,247.5
EP02-Cell0039,-320.9,-0.2,-235.1,0.2,247.5
EP02-Cell0040,-95.2,-0.4,-9.4,0.4,249.6
EP02-Cell0041,-215.2,-0.4,-129.4,0.4,249.6
EP02-Cell0042,-335.2,-0.4,-249.4,0.4,249.6
EP02-Cell0043,-96.6,-0.9,-10.8,0.9,200
EP02-Cell0044,-216.6,-0.9,-130.8,0.9,200
EP02-Cell0045,-336.6,-0.9,-250.8,0.9,200
EP02-Cell0046,-85,-0.6,0.8,0.6,232.9
EP02-Cell0047,-205,-0.6,-119.2,0.6,232.9
EP02-Cell0048,-325,-0.6,-239.2,0.6,232.9
EP02-Cell0049,-74.6,-0.3,11.2,0.3,245.3
EP02-Cell0050,-194.6,-0.3,-108.8,0.3,245.3
EP02-Cell0051,-314.6,-0.3,-228.8,0.3,245.3
EP02-Cell0052,-77.2,-0.2,8.6,0.2,246.1
EP02-Cell0053,-197.2,-0.2,-111.4,0.2,246.1
EP02-Cell0054,-317.2,-0.2,-231.4,0.2,246.1
EP02-Cell0055,-86.4,-0.6,-0.6,0.6,231.6
EP02-Cell0056,-206.4,-0.6,-120.6,0.6,231.6
EP02-Cell0057,-326.4,-0.6,-240.6,0.6,231.6
EP03-Cell0001,-111.2,-0.5,0,0.5,220.5
EP03-Cell0002,-231.2,-0.5,-120,0.5,220.5
EP03-Cell0003,-351.2,-0.5,-240,0.5,220.5
EP03-Cell0004,-112.1,-0.5,-0.9,0.5,220
EP03-Cell0005,-232.1,-0.5,-120.9,0.5,220
EP03-Cell0006,-352.1,-0.5,-240.9,0.5,220
EP03-Cell0007,-110,-0.2,1.2,0.2,236.5
EP03-Cell0008,-230,-0.2,-118.8,0.2,236.5
EP03-Cell0009,-350,-0.2,-238.8,0.2,236.5
EP03-Cell0010,-117.7,-0.7,-6.5,0.7,235.6
EP03-Cell0011,-237.7,-0.7,-126.5,0.7,235.6
EP03-Cell0012,-357.7,-0.7,-246.5,0.7,235.6
EP03-Cell0013,-117.5,-0.7,-6.3,0.7,225.1
EP03-Cell0014,-237.5,-0.7,-126.3,0.7,225.1
EP03-Cell0015,-357.5,-0.7,-246.3,0.7,225.1
EP03-Cell0016,-105.7,-0.3,5.5,0.3,231.5
EP03-Cell0017,-225.7,-0.3,-114.5,0.3,231.5
EP03-Cell0018,-345.7,-0.3,-234.5,0.3,231.5
EP03-Cell0019,-103.9,-0.4,7.3,0.4,224.4
EP03-Cell0020,-223.9,-0.4,-112.7,0.4,224.4
EP03-Cell0021,-343.9,-0.4,-232.7,0.4,224.4
EP03-Cell0022,-112.8,-0.3,-1.6,0.3,240.1
EP03-Cell0023,-232.8,-0.3,-121.6,0.3,240.1
EP03-Cell0024,-352.8,-0.3,-241.6,0.3,240.1
EP03-Cell0025,-123.6,-0.8,-12.4,0.8,236.1
EP03-Cell0026,-243.6,-0.8,-132.4,0.8,236.1
EP03-Cell0027,-363.6,-0.8,-252.4,0.8,236.1
EP03-Cell0028,-124.9,-0.2,-13.7,0.2,227.4
EP03-Cell0029,-244.9,-0.2,-133.7,0.2,227.4
EP03-Cell0030,-364.9,-0.2,-253.7,0.2,227.4
EP03-Cell0031,-108.4,-0.6,2.8,0.6,197.8
EP03-Cell0032,-228.4,-0.6,-117.2,0.6,197.8
EP03-Cell0033,-348.4,-0.6,-237.2,0.6,197.8
EP03-Cell0034,-96.2,0,15,0,237.1
EP03-Cell0035,-216.2,0,-105,0,237.1
EP03-Cell0036,-336.2,0,-225,0,237.1
EP03-Cell0037,-101.1,-0.1,10.1,0.1,238
EP03-Cell0038,-221.1,-0.1,-109.9,0.1,238
EP03-Cell0039,-341.1,-0.1,-229.9,0.1,238
EP03-Cell0040,-117.9,-0.3,-6.7,0.3,251.5
EP03-Cell0041,-237.9,-0.3,-126.7,0.3,251.5
EP03-Cell0042,-357.9,-0.3,-246.7,0.3,251.5
EP03-Cell0043,-124.1,-0.7,-12.9,0.7,199.9
EP03-Cell0044,-244.1,-0.7,-132.9,0.7,199.9
EP03-Cell0045,-364.1,-0.7,-252.9,0.7,199.9
EP03-Cell0046,-117.2,-0.5,-6,0.5,233.1
EP03-Cell0047,-237.2,-0.5,-126,0.5,233.1
EP03-Cell0048,-357.2,-0.5,-246,0.5,233.1
EP03-Cell0049,-101.6,-0.1,9.6,0.1,238.6
EP03-Cell0050,-221.6,-0.1,-110.4,0.1,238.6
EP03-Cell0051,-341.6,-0.1,-230.4,0.1,238.6
EP03-Cell0052,-98.9,0,12.3,0,238.6
EP03-Cell0053,-218.9,0,-107.7,0,238.6
EP03-Cell0054,-338.9,0,-227.7,0,238.6
EP03-Cell0055,-107.1,-0.5,4.1,0.5,230.2
EP03-Cell0056,-227.1,-0.5,-115.9,0.5,230.2
EP03-Cell0057,-347.1,-0.5,-235.9,0.5,230.2
EP04-Cell0001,-47.1,-1,0,1,242.4
EP04-Cell0002,-167.1,-1,-120,1,242.4
EP04-Cell0003,-287.1,-1,-240,1,242.4
EP04-Cell0004,-55,-1,-7.9,1,253.1
EP04-Cell0005,-175,-1,-127.9,1,253.1
EP04-Cell0006,-295,-1,-247.9,1,253.1
EP04-Cell0007,-38.4,-0.7,8.7,0.7,242.9
EP04-Cell0008,-158.4,-0.7,-111.3,0.7,242.9
EP04-Cell0009,-278.4,-0.7,-231.3,0.7,242.9
EP04-Cell0010,-54.3,-1.5,-7.2,1.5,237.4
EP04-Cell0011,-174.3,-1.5,-127.2,1.5,237.4
EP04-Cell0012,-294.3,-1.5,-247.2,1.5,237.4
EP04-Cell0013,-44.9,-1.5,2.2,1.5,215
EP04-Cell0014,-164.9,-1.5,-117.8,1.5,215
EP04-Cell0015,-284.9,-1.5,-237.8,1.5,215
EP04-Cell0016,-48.7,-0.7,-1.6,0.7,250
EP04-Cell0017,-168.7,-0.7,-121.6,0.7,250
EP04-Cell0018,-288.7,-0.7,-241.6,0.7,250
EP04-Cell0019,-41.2,-0.8,5.9,0.8,239
EP04-Cell0020,-161.2,-0.8,-114.1,0.8,239
EP04-Cell0021,-281.2,-0.8,-234.1,0.8,239
EP04-Cell0022,-62,-0.9,-14.9,0.9,250.3
EP04-Cell0023,-182,-0.9,-134.9,0.9,250.3
EP04-Cell0024,-302,-0.9,-254.9,0.9,250.3
EP04-Cell0025,-63.1,-1.8,-16,1.8,231.6
EP04-Cell0026,-183.1,-1.8,-136,1.8,231.6
EP04-Cell0027,-303.1,-1.8,-256,1.8,231.6
EP04-Cell0028,-41.9,-1,5.2,1,234.3
EP04-Cell0029,-161.9,-1,-114.8,1,234.3
EP04-Cell0030,-281.9,-1,-234.8,1,234.3
EP04-Cell0031,-29.3,-1.1,17.8,1.1,228
EP04-Cell0032,-149.3,-1.1,-102.2,1.1,228
EP04-Cell0033,-269.3,-1.1,-222.2,1.1,228
EP04-Cell0034,-36.4,-0.4,10.7,0.4,243.2
EP04-Cell0035,-156.4,-0.4,-109.3,0.4,243.2
EP04-Cell0036,-276.4,-0.4,-229.3,0.4,243.2
EP04-Cell0037,-49.9,-0.4,-2.8,0.4,254.9
EP04-Cell0038,-169.9,-0.4,-122.8,0.4,254.9
EP04-Cell0039,-289.9,-0.4,-242.8,0.4,254.9
EP04-Cell0040,-62.5,-0.9,-15.4,0.9,247.3
EP04-Cell0041,-182.5,-0.9,-135.4,0.9,247.3
EP04-Cell0042,-302.5,-0.9,-255.4,0.9,247.3
EP04-Cell0043,-53.4,-1.8,-6.3,1.8,229.6
EP04-Cell0044,-173.4,-1.8,-126.3,1.8,229.6
EP04-Cell0045,-293.4,-1.8,-246.3,1.8,229.6
EP04-Cell0046,-34.6,-1.1,12.5,1.1,214.9
EP04-Cell0047,-154.6,-1.1,-107.5,1.1,214.9
EP04-Cell0048,-274.6,-1.1,-227.5,1.1,214.9
EP04-Cell0049,-33.3,-0.5,13.8,0.5,246.5
EP04-Cell0050,-153.3,-0.5,-106.2,0.5,246.5
EP04-Cell0051,-273.3,-0.5,-226.2,0.5,246.5
EP04-Cell0052,-43.3,-0.4,3.8,0.4,247.7
EP04-Cell0053,-163.3,-0.4,-116.2,0.4,247.7
EP04-Cell0054,-283.3,-0.4,-236.2,0.4,247.7
EP04-Cell0055,-55.5,-0.9,-8.4,0.9,246.9
EP04-Cell0056,-175.5,-0.9,-128.4,0.9,246.9
EP04-Cell0057,-295.5,-0.9,-248.4,0.9,246.9
EP05-Cell0001,-13,-0.3,0,0.3,253.5
EP05-Cell0002,-133,-0.3,-120,0.3,253.5
EP05-Cell0003,-253,-0.3,-240,0.3,253.5
EP05-Cell0004,-21.7,-0.4,-8.7,0.4,255.8
EP05-Cell0005,-141.7,-0.4,-128.7,0.4,255.8
EP05-Cell0006,-261.7,-0.4,-248.7,0.4,255.8
EP05-Cell0007,-5,0,8,0,250.5
EP05-Cell0008,-125,0,-112,0,250.5
EP05-Cell0009,-245,0,-232,0,250.5
EP05-Cell0010,-15.5,-0.8,-2.5,0.8,244.2
EP05-Cell0011,-135.5,-0.8,-122.5,0.8,244.2
EP05-Cell0012,-255.5,-0.8,-242.5,0.8,244.2
EP05-Cell0013,-5.9,-0.6,7.1,0.6,240.6
EP05-Cell0014,-125.9,-0.6,-112.9,0.6,240.6
EP05-Cell0015,-245.9,-0.6,-232.9,0.6,240.6
EP05-Cell0016,-18.7,-0.1,-5.7,0.1,245.8
EP05-Cell0017,-138.7,-0.1,-125.7,0.1,245.8
EP05-Cell0018,-258.7,-0.1,-245.7,0.1,245.8
EP05-Cell0019,-11.2,-0.2,1.8,0.2,248
EP05-Cell0020,-131.2,-0.2,-118.2,0.2,248
EP05-Cell0021,-251.2,-0.2,-238.2,0.2,248
EP05-Cell0022,-30.8,-0.3,-17.8,0.3,242
EP05-Cell0023,-150.8,-0.3,-137.8,0.3,242
EP05-Cell0024,-270.8,-0.3,-257.8,0.3,242
EP05-Cell0025,-18.9,-1.2,-5.9,1.2,232.2
EP05-Cell0026,-138.9,-1.2,-125.9,1.2,232.2
EP05-Cell0027,-258.9,-1.2,-245.9,1.2,232.2
EP05-Cell0028,2.7,0,15.7,0,247.3
EP05-Cell0029,-117.3,0,-104.3,0,247.3
EP05-Cell0030,-237.3,0,-224.3,0,247.3
EP05-Cell0031,2.1,-0.3,15.1,0.3,245.4
EP05-Cell0032,-117.9,-0.3,-104.9,0.3,245.4
EP05-Cell0033,-237.9,-0.3,-224.9,0.3,245.4
EP05-Cell0034,-9.8,0.2,3.2,-0.2,250
EP05-Cell0035,-129.8,0.2,-116.8,-0.2,250
EP05-Cell0036,-249.8,0.2,-236.8,-0.2,250
EP05-Cell0037,-23.3,0.1,-10.3,-0.1,252
EP05-Cell0038,-143.3,0.1,-130.3,-0.1,252
EP05-Cell0039,-263.3,0.1,-250.3,-0.1,252
EP05-Cell0040,-25.8,-0.2,-12.8,0.2,248.6
EP05-Cell0041,-145.8,-0.2,-132.8,0.2,248.6
EP05-Cell0042,-265.8,-0.2,-252.8,0.2,248.6
EP05-Cell0043,-7.3,-0.9,5.7,0.9,237.8
EP05-Cell0044,-127.3,-0.9,-114.3,0.9,237.8
EP05-Cell0045,-247.3,-0.9,-234.3,0.9,237.8
EP05-Cell0046,2.4,-0.2,15.4,0.2,242.8
EP05-Cell0047,-117.6,-0.2,-104.6,0.2,242.8
EP05-Cell0048,-237.6,-0.2,-224.6,0.2,242.8
EP05-Cell0049,-4.3,0.1,8.7,-0.1,249.5
EP05-Cell0050,-124.3,0.1,-111.3,-0.1,249.5
EP05-Cell0051,-244.3,0.1,-231.3,-0.1,249.5
EP05-Cell0052,-16.4,0.2,-3.4,-0.2,249.5
EP05-Cell0053,-136.4,0.2,-123.4,-0.2,249.5
EP05-Cell0054,-256.4,0.2,-243.4,-0.2,249.5
EP05-Cell0055,-26.6,-0.4,-13.6,0.4,243.3
EP05-Cell0056,-146.6,-0.4,-133.6,0.4,243.3
EP05-Cell0057,-266.6,-0.4,-253.6,0.4,243.3
EP06-Cell0001,7,0.1,0,-0.1,240.2
EP06-Cell0002,-113,0.1,-120,-0.1,240.2
EP06-Cell0003,-233,0.1,-240,-0.1,240.2
EP06-Cell0004,0.8,0.1,-6.2,-0.1,206.1
EP06-Cell0005,-119.2,0.1,-126.2,-0.1,206.1
EP06-Cell0006,-239.2,0.1,-246.2,-0.1,206.1
EP06-Cell0007,12.3,0.4,5.3,-0.4,250.3
EP06-Cell0008,-107.7,0.4,-114.7,-0.4,250.3
EP06-Cell0009,-227.7,0.4,-234.7,-0.4,250.3
EP06-Cell0010,7.9,-0.1,0.9,0.1,235.3
EP06-Cell0011,-112.1,-0.1,-119.1,0.1,235.3
EP06-Cell0012,-232.1,-0.1,-239.1,0.1,235.3
EP06-Cell0013,13.8,0,6.8,0,241.7
EP06-Cell0014,-106.2,0,-113.2,0,241.7
EP06-Cell0015,-226.2,0,-233.2,0,241.7
EP06-Cell0016,0.8,0.3,-6.2,-0.3,234.6
EP06-Cell0017,-119.2,0.3,-126.2,-0.3,234.6
EP06-Cell0018,-239.2,0.3,-246.2,-0.3,234.6
EP06-Cell0019,6.3,0.2,-0.7,-0.2,242.2
EP06-Cell0020,-113.7,0.2,-120.7,-0.2,242.2
EP06-Cell0021,-233.7,0.2,-240.7,-0.2,242.2
EP06-Cell0022,-6.2,0.2,-13.2,-0.2,199.3
EP06-Cell0023,-126.2,0.2,-133.2,-0.2,199.3
EP06-Cell0024,-246.2,0.2,-253.2,-0.2,199.3
EP06-Cell0025,9.1,-0.4,2.1,0.4,212.4
EP06-Cell0026,-110.9,-0.4,-117.9,0.4,212.4
EP06-Cell0027,-230.9,-0.4,-237.9,0.4,212.4
EP06-Cell0028,21.2,0.4,14.2,-0.4,249
EP06-Cell0029,-98.8,0.4,-105.8,-0.4,249
EP06-Cell0030,-218.8,0.4,-225.8,-0.4,249
EP06-Cell0031,16.9,0.1,9.9,-0.1,242
EP06-Cell0032,-103.1,0.1,-110.1,-0.1,242
EP06-Cell0033,-223.1,0.1,-230.1,-0.1,242
EP06-Cell0034,5.7,0.5,-1.3,-0.5,247.1
EP06-Cell0035,-114.3,0.5,-121.3,-0.5,247.1
EP06-Cell0036,-234.3,0.5,-241.3,-0.5,247.1
EP06-Cell0037,-4.7,0.5,-11.7,-0.5,244.2
EP06-Cell0038,-124.7,0.5,-131.7,-0.5,244.2
EP06-Cell0039,-244.7,0.5,-251.7,-0.5,244.2
EP06-Cell0040,0.9,0.3,-6.1,-0.3,235.3
EP06-Cell0041,-119.1,0.3,-126.1,-0.3,235.3
EP06-Cell0042,-239.1,0.3,-246.1,-0.3,235.3
EP06-Cell0043,15.8,-0.1,8.8,0.1,232.3
EP06-Cell0044,-104.2,-0.1,-111.2,0.1,232.3
EP06-Cell0045,-224.2,-0.1,-231.2,0.1,232.3
EP06-Cell0046,18.8,0.2,11.8,-0.2,243.2
EP06-Cell0047,-101.2,0.2,-108.2,-0.2,243.2
EP06-Cell0048,-221.2,0.2,-228.2,-0.2,243.2
EP06-Cell0049,11.1,0.4,4.1,-0.4,248.5
EP06-Cell0050,-108.9,0.4,-115.9,-0.4,248.5
EP06-Cell0051,-228.9,0.4,-235.9,-0.4,248.5
EP06-Cell0052,0.8,0.5,-6.2,-0.5,241.8
EP06-Cell0053,-119.2,0.5,-126.2,-0.5,241.8
EP06-Cell0054,-239.2,0.5,-246.2,-0.5,241.8
EP06-Cell0055,-5.3,0,-12.3,0,200.3
EP06-Cell0056,-125.3,0,-132.3,0,200.3
EP06-Cell0057,-245.3,0,-252.3,0,200.3
EP07-Cell0001,23,-0.6,0,0.6,243.5
EP07-Cell0002,-97,-0.6,-120,0.6,243.5
EP07-Cell0003,-217,-0.6,-240,0.6,243.5
EP07-Cell0004,18.5,-0.7,-4.5,0.7,241.3
EP07-Cell0005,-101.5,-0.7,-124.5,0.7,241.3
EP07-Cell0006,-221.5,-0.7,-244.5,0.7,241.3
EP07-Cell0007,26.7,-0.3,3.7,0.3,254.2
EP07-Cell0008,-93.3,-0.3,-116.3,0.3,254.2
EP07-Cell0009,-213.3,-0.3,-236.3,0.3,254.2
EP07-Cell0010,25.8,-0.9,2.8,0.9,233.3
EP07-Cell0011,-94.2,-0.9,-117.2,0.9,233.3
EP07-Cell0012,-214.2,-0.9,-237.2,0.9,233.3
EP07-Cell0013,29.6,-0.8,6.6,0.8,247.7
EP07-Cell0014,-90.4,-0.8,-113.4,0.8,247.7
EP07-Cell0015,-210.4,-0.8,-233.4,0.8,247.7
EP07-Cell0016,16.5,-0.4,-6.5,0.4,249.7
EP07-Cell0017,-103.5,-0.4,-126.5,0.4,249.7
EP07-Cell0018,-223.5,-0.4,-246.5,0.4,249.7
EP07-Cell0019,20.7,-0.5,-2.3,0.5,243.2
EP07-Cell0020,-99.3,-0.5,-122.3,0.5,243.2
EP07-Cell0021,-219.3,-0.5,-242.3,0.5,243.2
EP07-Cell0022,13.1,-0.7,-9.9,0.7,241.8
EP07-Cell0023,-106.9,-0.7,-129.9,0.7,241.8
EP07-Cell0024,-226.9,-0.7,-249.9,0.7,241.8
EP07-Cell0025,29.4,-1.2,6.4,1.2,233.8
EP07-Cell0026,-90.6,-1.2,-113.6,1.2,233.8
EP07-Cell0027,-210.6,-1.2,-233.6,1.2,233.8
EP07-Cell0028,36.3,-0.4,13.3,0.4,253
EP07-Cell0029,-83.7,-0.4,-106.7,0.4,253
EP07-Cell0030,-203.7,-0.4,-226.7,0.4,253
EP07-Cell0031,29.8,-0.5,6.8,0.5,250.1
EP07-Cell0032,-90.2,-0.5,-113.2,0.5,250.1
EP07-Cell0033,-210.2,-0.5,-233.2,0.5,250.1
EP07-Cell0034,18.8,-0.1,-4.2,0.1,253.2
EP07-Cell0035,-101.2,-0.1,-124.2,0.1,253.2
EP07-Cell0036,-221.2,-0.1,-244.2,0.1,253.2
EP07-Cell0037,10.4,-0.2,-12.6,0.2,261.1
EP07-Cell0038,-109.6,-0.2,-132.6,0.2,261.1
EP07-Cell0039,-229.6,-0.2,-252.6,0.2,261.1
EP07-Cell0040,21.1,-0.6,-1.9,0.6,239.3
EP07-Cell0041,-98.9,-0.6,-121.9,0.6,239.3
EP07-Cell0042,-218.9,-0.6,-241.9,0.6,239.3
EP07-Cell0043,33.3,-0.9,10.3,0.9,242.8
EP07-Cell0044,-86.7,-0.9,-109.7,0.9,242.8
EP07-Cell0045,-206.7,-0.9,-229.7,0.9,242.8
EP07-Cell0046,32.8,-0.5,9.8,0.5,248.2
EP07-Cell0047,-87.2,-0.5,-110.2,0.5,248.2
EP07-Cell0048,-207.2,-0.5,-230.2,0.5,248.2
EP07-Cell0049,24.2,-0.2,1.2,0.2,253.3
EP07-Cell0050,-95.8,-0.2,-118.8,0.2,253.3
EP07-Cell0051,-215.8,-0.2,-238.8,0.2,253.3
EP07-Cell0052,14.9,-0.2,-8.1,0.2,256.1
EP07-Cell0053,-105.1,-0.2,-128.1,0.2,256.1
EP07-Cell0054,-225.1,-0.2,-248.1,0.2,256.1
EP07-Cell0055,11.6,-0.7,-11.4,0.7,240.3
EP07-Cell0056,-108.4,-0.7,-131.4,0.7,240.3
EP07-Cell0057,-228.4,-0.7,-251.4,0.7,240.3
EP08-Cell0001,31.2,-0.6,0,0.6,237.1
EP08-Cell0002,-88.8,-0.6,-120,0.6,237.1
EP08-Cell0003,-208.8,-0.6,-240,0.6,237.1
EP08-Cell0004,28,-0.7,-3.2,0.7,219
EP08-Cell0005,-92,-0.7,-123.2,0.7,219
EP08-Cell0006,-212,-0.7,-243.2,0.7,219
EP08-Cell0007,33.8,-0.3,2.6,0.3,252.2
EP08-Cell0008,-86.2,-0.3,-117.4,0.3,252.2
EP08-Cell0009,-206.2,-0.3,-237.4,0.3,252.2
EP08-Cell0010,34.5,-0.9,3.3,0.9,232.9
EP08-Cell0011,-85.5,-0.9,-116.7,0.9,232.9
EP08-Cell0012,-205.5,-0.9,-236.7,0.9,232.9
EP08-Cell0013,37.1,-0.7,5.9,0.7,243.4
EP08-Cell0014,-82.9,-0.7,-114.1,0.7,243.4
EP08-Cell0015,-202.9,-0.7,-234.1,0.7,243.4
EP08-Cell0016,25.2,-0.5,-6,0.5,245.3
EP08-Cell0017,-94.8,-0.5,-126,0.5,245.3
EP08-Cell0018,-214.8,-0.5,-246,0.5,245.3
EP08-Cell0019,28.4,-0.5,-2.8,0.5,239.3
EP08-Cell0020,-91.6,-0.5,-122.8,0.5,239.3
EP08-Cell0021,-211.6,-0.5,-242.8,0.5,239.3
EP08-Cell0022,24.1,-0.7,-7.1,0.7,235.3
EP08-Cell0023,-95.9,-0.7,-127.1,0.7,235.3
EP08-Cell0024,-215.9,-0.7,-247.1,0.7,235.3
EP08-Cell0025,38.5,-1.1,7.3,1.1,235.2
EP08-Cell0026,-81.5,-1.1,-112.7,1.1,235.2
EP08-Cell0027,-201.5,-1.1,-232.7,1.1,235.2
EP08-Cell0028,42.9,-0.4,11.7,0.4,255.6
EP08-Cell0029,-77.1,-0.4,-108.3,0.4,255.6
EP08-Cell0030,-197.1,-0.4,-228.3,0.4,255.6
EP08-Cell0031,36.1,-0.5,4.9,0.5,246.2
EP08-Cell0032,-83.9,-0.5,-115.1,0.5,246.2
EP08-Cell0033,-203.9,-0.5,-235.1,0.5,246.2
EP08-Cell0034,26.1,-0.2,-5.1,0.2,249.7
EP08-Cell0035,-93.9,-0.2,-125.1,0.2,249.7
EP08-Cell0036,-213.9,-0.2,-245.1,0.2,249.7
EP08-Cell0037,19.4,-0.3,-11.8,0.3,251.2
EP08-Cell0038,-100.6,-0.3,-131.8,0.3,251.2
EP08-Cell0039,-220.6,-0.3,-251.8,0.3,251.2
EP08-Cell0040,31.3,-0.6,0.1,0.6,235.3
EP08-Cell0041,-88.7,-0.6,-119.9,0.6,235.3
EP08-Cell0042,-208.7,-0.6,-239.9,0.6,235.3
EP08-Cell0043,40.9,-0.8,9.7,0.8,247.2
EP08-Cell0044,-79.1,-0.8,-110.3,0.8,247.2
EP08-Cell0045,-199.1,-0.8,-230.3,0.8,247.2
EP08-Cell0046,39.2,-0.4,8,0.4,250.4
EP08-Cell0047,-80.8,-0.4,-112,0.4,250.4
EP08-Cell0048,-200.8,-0.4,-232,0.4,250.4
EP08-Cell0049,31.1,-0.2,-0.1,0.2,250.4
EP08-Cell0050,-88.9,-0.2,-120.1,0.2,250.4
EP08-Cell0051,-208.9,-0.2,-240.1,0.2,250.4
EP08-Cell0052,23,-0.2,-8.2,0.2,252.1
EP08-Cell0053,-97,-0.2,-128.2,0.2,252.1
EP08-Cell0054,-217,-0.2,-248.2,0.2,252.1
EP08-Cell0055,21.5,-0.7,-9.7,0.7,236.4
EP08-Cell0056,-98.5,-0.7,-129.7,0.7,236.4
EP08-Cell0057,-218.5,-0.7,-249.7,0.7,236.4
EP09-Cell0001,41,-0.1,0,0.1,235.5
EP09-Cell0002,-79,-0.1,-120,0.1,235.5
EP09-Cell0003,-199,-0.1,-240,0.1,235.5
EP09-Cell0004,38.5,-0.2,-2.5,0.2,231.2
EP09-Cell0005,-81.5,-0.2,-122.5,0.2,231.2
EP09-Cell0006,-201.5,-0.2,-242.5,0.2,231.2
EP09-Cell0007,43,0.1,2,-0.1,249.7
EP09-Cell0008,-77,0.1,-118,-0.1,249.7
EP09-Cell0009,-197,0.1,-238,-0.1,249.7
EP09-Cell0010,45.7,-0.4,4.7,0.4,234.3
EP09-Cell0011,-74.3,-0.4,-115.3,0.4,234.3
EP09-Cell0012,-194.3,-0.4,-235.3,0.4,234.3
EP09-Cell0013,47.4,-0.3,6.4,0.3,234.8
EP09-Cell0014,-72.6,-0.3,-113.6,0.3,234.8
EP09-Cell0015,-192.6,-0.3,-233.6,0.3,234.8
EP09-Cell0016,34.4,0,-6.6,0,240.3
EP09-Cell0017,-85.6,0,-126.6,0,240.3
EP09-Cell0018,-205.6,0,-246.6,0,240.3
EP09-Cell0019,37.1,0,-3.9,0,236.6
EP09-Cell0020,-82.9,0,-123.9,0,236.6
EP09-Cell0021,-202.9,0,-243.9,0,236.6
EP09-Cell0022,35.4,-0.1,-5.6,0.1,233.8
EP09-Cell0023,-84.6,-0.1,-125.6,0.1,233.8
EP09-Cell0024,-204.6,-0.1,-245.6,0.1,233.8
EP09-Cell0025,51.3,-0.6,10.3,0.6,199.5
EP09-Cell0026,-68.7,-0.6,-109.7,0.6,199.5
EP09-Cell0027,-188.7,-0.6,-229.7,0.6,199.5
EP09-Cell0028,53.4,0.1,12.4,-0.1,251.3
EP09-Cell0029,-66.6,0.1,-107.6,-0.1,251.3
EP09-Cell0030,-186.6,0.1,-227.6,-0.1,251.3
EP09-Cell0031,44.7,-0.1,3.7,0.1,238
EP09-Cell0032,-75.3,-0.1,-116.3,0.1,238
EP09-Cell0033,-195.3,-0.1,-236.3,0.1,238
EP09-Cell0034,33.8,0.3,-7.2,-0.3,244.7
EP09-Cell0035,-86.2,0.3,-127.2,-0.3,244.7
EP09-Cell0036,-206.2,0.3,-247.2,-0.3,244.7
EP09-Cell0037,27.7,0.2,-13.3,-0.2,248.2
EP09-Cell0038,-92.3,0.2,-133.3,-0.2,248.2
EP09-Cell0039,-212.3,0.2,-253.3,-0.2,248.2
EP09-Cell0040,43.6,0,2.6,0,234.2
EP09-Cell0041,-76.4,0,-117.4,0,234.2
EP09-Cell0042,-196.4,0,-237.4,0,234.2
EP09-Cell0043,52.5,-0.3,11.5,0.3,238.6
EP09-Cell0044,-67.5,-0.3,-108.5,0.3,238.6
EP09-Cell0045,-187.5,-0.3,-228.5,0.3,238.6
EP09-Cell0046,48.7,0,7.7,0,241.9
EP09-Cell0047,-71.3,0,-112.3,0,241.9
EP09-Cell0048,-191.3,0,-232.3,0,241.9
EP09-Cell0049,39.3,0.2,-1.7,-0.2,245.1
EP09-Cell0050,-80.7,0.2,-121.7,-0.2,245.1
EP09-Cell0051,-200.7,0.2,-241.7,-0.2,245.1
EP09-Cell0052,31,0.3,-10,-0.3,247.7
EP09-Cell0053,-89,0.3,-130,-0.3,247.7
EP09-Cell0054,-209,0.3,-250,-0.3,247.7
EP09-Cell0055,31.1,-0.2,-9.9,0.2,235
EP09-Cell0056,-88.9,-0.2,-129.9,0.2,235
EP09-Cell0057,-208.9,-0.2,-249.9,0.2,235
EP10-Cell0001,58.2,-0.2,0,0.2,240.3
EP10-Cell0002,-61.8,-0.2,-120,0.2,240.3
EP10-Cell0003,-181.8,-0.2,-240,0.2,240.3
EP10-Cell0004,57.8,-0.3,-0.4,0.3,238.5
EP10-Cell0005,-62.2,-0.3,-120.4,0.3,238.5
EP10-Cell0006,-182.2,-0.3,-240.4,0.3,238.5
EP10-Cell0007,58.5,0,0.3,0,251.6
EP10-Cell0008,-61.5,0,-119.7,0,251.6
EP10-Cell0009,-181.5,0,-239.7,0,251.6
EP10-Cell0010,64.3,-0.5,6.1,0.5,235.3
EP10-Cell0011,-55.7,-0.5,-113.9,0.5,235.3
EP10-Cell0012,-175.7,-0.5,-233.9,0.5,235.3
EP10-Cell0013,63.9,-0.4,5.7,0.4,236.8
EP10-Cell0014,-56.1,-0.4,-114.3,0.4,236.8
EP10-Cell0015,-176.1,-0.4,-234.3,0.4,236.8
EP10-Cell0016,51.8,-0.1,-6.4,0.1,246.9
EP10-Cell0017,-68.2,-0.1,-126.4,0.1,246.9
EP10-Cell0018,-188.2,-0.1,-246.4,0.1,246.9
EP10-Cell0019,52.8,-0.1,-5.4,0.1,243.7
EP10-Cell0020,-67.2,-0.1,-125.4,0.1,243.7
EP10-Cell0021,-187.2,-0.1,-245.4,0.1,243.7
EP10-Cell0022,57.4,-0.2,-0.8,0.2,239.6
EP10-Cell0023,-62.6,-0.2,-120.8,0.2,239.6
EP10-Cell0024,-182.6,-0.2,-240.8,0.2,239.6
EP10-Cell0025,71.1,-0.7,12.9,0.7,233.7
EP10-Cell0026,-48.9,-0.7,-107.1,0.7,233.7
EP10-Cell0027,-168.9,-0.7,-227.1,0.7,233.7
EP10-Cell0028,69,0,10.8,0,253.1
EP10-Cell0029,-51,0,-109.2,0,253.1
EP10-Cell0030,-171,0,-229.2,0,253.1
EP10-Cell0031,58.7,-0.2,0.5,0.2,242
EP10-Cell0032,-61.3,-0.2,-119.5,0.2,242
EP10-Cell0033,-181.3,-0.2,-239.5,0.2,242
EP10-Cell0034,48.1,0.2,-10.1,-0.2,252.5
EP10-Cell0035,-71.9,0.2,-130.1,-0.2,252.5
EP10-Cell0036,-191.9,0.2,-250.1,-0.2,252.5
EP10-Cell0037,44.9,0.2,-13.3,-0.2,250.1
EP10-Cell0038,-75.1,0.2,-133.3,-0.2,250.1
EP10-Cell0039,-195.1,0.2,-253.3,-0.2,250.1
EP10-Cell0040,64.8,-0.1,6.6,0.1,237.1
EP10-Cell0041,-55.2,-0.1,-113.4,0.1,237.1
EP10-Cell0042,-175.2,-0.1,-233.4,0.1,237.1
EP10-Cell0043,69.9,-0.4,11.7,0.4,238.2
EP10-Cell0044,-50.1,-0.4,-108.3,0.4,238.2
EP10-Cell0045,-170.1,-0.4,-228.3,0.4,238.2
EP10-Cell0046,63.6,-0.1,5.4,0.1,248.7
EP10-Cell0047,-56.4,-0.1,-114.6,0.1,248.7
EP10-Cell0048,-176.4,-0.1,-234.6,0.1,248.7
EP10-Cell0049,53.6,0.1,-4.6,-0.1,251.3
EP10-Cell0050,-66.4,0.1,-124.6,-0.1,251.3
EP10-Cell0051,-186.4,0.1,-244.6,-0.1,251.3
EP10-Cell0052,46.7,0.2,-11.5,-0.2,250.3
EP10-Cell0053,-73.3,0.2,-131.5,-0.2,250.3
EP10-Cell0054,-193.3,0.2,-251.5,-0.2,250.3
EP10-Cell0055,50.6,-0.3,-7.6,0.3,241.2
EP10-Cell0056,-69.4,-0.3,-127.6,0.3,241.2
EP10-Cell0057,-189.4,-0.3,-247.6,0.3,241.2
EP11-Cell0001,74.9,0.1,0,-0.1,236.2
EP11-Cell0002,-45.1,0.1,-120,-0.1,236.2
EP11-Cell0003,-165.1,0.1,-240,-0.1,236.2
EP11-Cell0004,76.6,0,1.7,0,235
EP11-Cell0005,-43.4,0,-118.3,0,235
EP11-Cell0006,-163.4,0,-238.3,0,235
EP11-Cell0007,73.4,0.3,-1.5,-0.3,242.1
EP11-Cell0008,-46.6,0.3,-121.5,-0.3,242.1
EP11-Cell0009,-166.6,0.3,-241.5,-0.3,242.1
EP11-Cell0010,81.3,-0.2,6.4,0.2,228.7
EP11-Cell0011,-38.7,-0.2,-113.6,0.2,228.7
EP11-Cell0012,-158.7,-0.2,-233.6,0.2,228.7
EP11-Cell0013,79.2,-0.1,4.3,0.1,236.1
EP11-Cell0014,-40.8,-0.1,-115.7,0.1,236.1
EP11-Cell0015,-160.8,-0.1,-235.7,0.1,236.1
EP11-Cell0016,69.8,0.2,-5.1,-0.2,237.4
EP11-Cell0017,-50.2,0.2,-125.1,-0.2,237.4
EP11-Cell0018,-170.2,0.2,-245.1,-0.2,237.4
EP11-Cell0019,68.8,0.1,-6.1,-0.1,236.6
EP11-Cell0020,-51.2,0.1,-126.1,-0.1,236.6
EP11-Cell0021,-171.2,0.1,-246.1,-0.1,236.6
EP11-Cell0022,78.9,0.1,4,-0.1,234.1
EP11-Cell0023,-41.1,0.1,-116,-0.1,234.1
EP11-Cell0024,-161.1,0.1,-236,-0.1,234.1
EP11-Cell0025,88,-0.3,13.1,0.3,224.6
EP11-Cell0026,-32,-0.3,-106.9,0.3,224.6
EP11-Cell0027,-152,-0.3,-226.9,0.3,224.6
EP11-Cell0028,82.9,0.3,8,-0.3,251.5
EP11-Cell0029,-37.1,0.3,-112,-0.3,251.5
EP11-Cell0030,-157.1,0.3,-232,-0.3,251.5
EP11-Cell0031,72.3,0.1,-2.6,-0.1,236.6
EP11-Cell0032,-47.7,0.1,-122.6,-0.1,236.6
EP11-Cell0033,-167.7,0.1,-242.6,-0.1,236.6
EP11-Cell0034,63.2,0.4,-11.7,-0.4,243.8
EP11-Cell0035,-56.8,0.4,-131.7,-0.4,243.8
EP11-Cell0036,-176.8,0.4,-251.7,-0.4,243.8
EP11-Cell0037,63.8,0.5,-11.1,-0.5,245.5
EP11-Cell0038,-56.2,0.5,-131.1,-0.5,245.5
EP11-Cell0039,-176.2,0.5,-251.1,-0.5,245.5
EP11-Cell0040,83.9,0.2,9,-0.2,235.1
EP11-Cell0041,-36.1,0.2,-111,-0.2,235.1
EP11-Cell0042,-156.1,0.2,-231,-0.2,235.1
EP11-Cell0043,85.2,-0.2,10.3,0.2,234.8
EP11-Cell0044,-34.8,-0.2,-109.7,0.2,234.8
EP11-Cell0045,-154.8,-0.2,-229.7,0.2,234.8
EP11-Cell0046,77.5,0.1,2.6,-0.1,244.9
EP11-Cell0047,-42.5,0.1,-117.4,-0.1,244.9
EP11-Cell0048,-162.5,0.1,-237.4,-0.1,244.9
EP11-Cell0049,68,0.4,-6.9,-0.4,243.1
EP11-Cell0050,-52,0.4,-126.9,-0.4,243.1
EP11-Cell0051,-172,0.4,-246.9,-0.4,243.1
EP11-Cell0052,63.5,0.5,-11.4,-0.5,245.1
EP11-Cell0053,-56.5,0.5,-131.4,-0.5,245.1
EP11-Cell0054,-176.5,0.5,-251.4,-0.5,245.1
EP11-Cell0055,71,0,-3.9,0,234.5
EP11-Cell0056,-49,0,-123.9,0,234.5
EP11-Cell0057,-169,0,-243.9,0,234.5
EP12-Cell0001,80.6,-0.1,0,0.1,235.5
EP12-Cell0002,-39.4,-0.1,-120,0.1,235.5
EP12-Cell0003,-159.4,-0.1,-240,0.1,235.5
EP12-Cell0004,83.3,-0.1,2.7,0.1,234.5
EP12-Cell0005,-36.7,-0.1,-117.3,0.1,234.5
EP12-Cell0006,-156.7,-0.1,-237.3,0.1,234.5
EP12-Cell0007,78.5,0.2,-2.1,-0.2,243.5
EP12-Cell0008,-41.5,0.2,-122.1,-0.2,243.5
EP12-Cell0009,-161.5,0.2,-242.1,-0.2,243.5
EP12-Cell0010,87.7,-0.3,7.1,0.3,235.1
EP12-Cell0011,-32.3,-0.3,-112.9,0.3,235.1
EP12-Cell0012,-152.3,-0.3,-232.9,0.3,235.1
EP12-Cell0013,84.8,-0.2,4.2,0.2,236.4
EP12-Cell0014,-35.2,-0.2,-115.8,0.2,236.4
EP12-Cell0015,-155.2,-0.2,-235.8,0.2,236.4
EP12-Cell0016,75.6,0.1,-5,-0.1,238.6
EP12-Cell0017,-44.4,0.1,-125,-0.1,238.6
EP12-Cell0018,-164.4,0.1,-245,-0.1,238.6
EP12-Cell0019,73.8,0,-6.8,0,238.9
EP12-Cell0020,-46.2,0,-126.8,0,238.9
EP12-Cell0021,-166.2,0,-246.8,0,238.9
EP12-Cell0022,86.8,0,6.2,0,233.3
EP12-Cell0023,-33.2,0,-113.8,0,233.3
EP12-Cell0024,-153.2,0,-233.8,0,233.3
EP12-Cell0025,94.9,-0.5,14.3,0.5,234.6
EP12-Cell0026,-25.1,-0.5,-105.7,0.5,234.6
EP12-Cell0027,-145.1,-0.5,-225.7,0.5,234.6
EP12-Cell0028,88.3,0.2,7.7,-0.2,253.1
EP12-Cell0029,-31.7,0.2,-112.3,-0.2,253.1
EP12-Cell0030,-151.7,0.2,-232.3,-0.2,253.1
EP12-Cell0031,76.7,0,-3.9,0,238.3
EP12-Cell0032,-43.3,0,-123.9,0,238.3
EP12-Cell0033,-163.3,0,-243.9,0,238.3
EP12-Cell0034,67.5,0.4,-13.1,-0.4,245.9
EP12-Cell0035,-52.5,0.4,-133.1,-0.4,245.9
EP12-Cell0036,-172.5,0.4,-253.1,-0.4,245.9
EP12-Cell0037,69.5,0.4,-11.1,-0.4,245.9
EP12-Cell0038,-50.5,0.4,-131.1,-0.4,245.9
EP12-Cell0039,-170.5,0.4,-251.1,-0.4,245.9
EP12-Cell0040,91.4,0.1,10.8,-0.1,234.4
EP12-Cell0041,-28.6,0.1,-109.2,-0.1,234.4
EP12-Cell0042,-148.6,0.1,-229.2,-0.1,234.4
EP12-Cell0043,91.3,-0.3,10.7,0.3,236.3
EP12-Cell0044,-28.7,-0.3,-109.3,0.3,236.3
EP12-Cell0045,-148.7,-0.3,-229.3,0.3,236.3
EP12-Cell0046,82.4,0,1.8,0,241
EP12-Cell0047,-37.6,0,-118.2,0,241
EP12-Cell0048,-157.6,0,-238.2,0,241
EP12-Cell0049,72.4,0.3,-8.2,-0.3,245.3
EP12-Cell0050,-47.6,0.3,-128.2,-0.3,245.3
EP12-Cell0051,-167.6,0.3,-248.2,-0.3,245.3
EP12-Cell0052,68.3,0.4,-12.3,-0.4,247
EP12-Cell0053,-51.7,0.4,-132.3,-0.4,247
EP12-Cell0054,-171.7,0.4,-252.3,-0.4,247
EP12-Cell0055,77.8,-0.2,-2.8,0.2,233.4
EP12-Cell0056,-42.2,-0.2,-122.8,0.2,233.4
EP12-Cell0057,-162.2,-0.2,-242.8,0.2,233.4
EP13-Cell0001,94.4,0.3,0,-0.3,236.8
EP13-Cell0002,-25.6,0.3,-120,-0.3,236.8
EP13-Cell0003,-145.6,0.3,-240,-0.3,236.8
EP13-Cell0004,98.1,0.3,3.7,-0.3,235.3
EP13-Cell0005,-21.9,0.3,-116.3,-0.3,235.3
EP13-Cell0006,-141.9,0.3,-236.3,-0.3,235.3
EP13-Cell0007,91.4,0.5,-3,-0.5,237.6
EP13-Cell0008,-28.6,0.5,-123,-0.5,237.6
EP13-Cell0009,-148.6,0.5,-243,-0.5,237.6
EP13-Cell0010,100.4,0.1,6,-0.1,237
EP13-Cell0011,-19.6,0.1,-114,-0.1,237
EP13-Cell0012,-139.6,0.1,-234,-0.1,237
EP13-Cell0013,96.9,0.2,2.5,-0.2,237.7
EP13-Cell0014,-23.1,0.2,-117.5,-0.2,237.7
EP13-Cell0015,-143.1,0.2,-237.5,-0.2,237.7
EP13-Cell0016,91.4,0.5,-3,-0.5,236.8
EP13-Cell0017,-28.6,0.5,-123,-0.5,236.8
EP13-Cell0018,-148.6,0.5,-243,-0.5,236.8
EP13-Cell0019,88.4,0.4,-6,-0.4,236.9
EP13-Cell0020,-31.6,0.4,-126,-0.4,236.9
EP13-Cell0021,-151.6,0.4,-246,-0.4,236.9
EP13-Cell0022,102.5,0.4,8.1,-0.4,235.3
EP13-Cell0023,-17.5,0.4,-111.9,-0.4,235.3
EP13-Cell0024,-137.5,0.4,-231.9,-0.4,235.3
EP13-Cell0025,106.2,0,11.8,0,230.4
EP13-Cell0026,-13.8,0,-108.2,0,230.4
EP13-Cell0027,-133.8,0,-228.2,0,230.4
EP13-Cell0028,99,0.5,4.6,-0.5,250.7
EP13-Cell0029,-21,0.5,-115.4,-0.5,250.7
EP13-Cell0030,-141,0.5,-235.4,-0.5,250.7
EP13-Cell0031,88.8,0.3,-5.6,-0.3,225.8
EP13-Cell0032,-31.2,0.3,-125.6,-0.3,225.8
EP13-Cell0033,-151.2,0.3,-245.6,-0.3,225.8
EP13-Cell0034,82.3,0.7,-12.1,-0.7,228.9
EP13-Cell0035,-37.7,0.7,-132.1,-0.7,228.9
EP13-Cell0036,-157.7,0.7,-252.1,-0.7,228.9
EP13-Cell0037,87.8,0.8,-6.6,-0.8,233.2
EP13-Cell0038,-32.2,0.8,-126.6,-0.8,233.2
EP13-Cell0039,-152.2,0.8,-246.6,-0.8,233.2
EP13-Cell0040,104.6,0.5,10.2,-0.5,236.3
EP13-Cell0041,-15.4,0.5,-109.8,-0.5,236.3
EP13-Cell0042,-135.4,0.5,-229.8,-0.5,236.3
EP13-Cell0043,102.3,0.1,7.9,-0.1,237.3
EP13-Cell0044,-17.7,0.1,-112.1,-0.1,237.3
EP13-Cell0045,-137.7,0.1,-232.1,-0.1,237.3
EP13-Cell0046,93.9,0.4,-0.5,-0.4,238.3
EP13-Cell0047,-26.1,0.4,-120.5,-0.4,238.3
EP13-Cell0048,-146.1,0.4,-240.5,-0.4,238.3
EP13-Cell0049,85.8,0.6,-8.6,-0.6,230.7
EP13-Cell0050,-34.2,0.6,-128.6,-0.6,230.7
EP13-Cell0051,-154.2,0.6,-248.6,-0.6,230.7
EP13-Cell0052,84.8,0.8,-9.6,-0.8,229.5
EP13-Cell0053,-35.2,0.8,-129.6,-0.8,229.5
EP13-Cell0054,-155.2,0.8,-249.6,-0.8,229.5
EP13-Cell0055,95.2,0.3,0.8,-0.3,233.5
EP13-Cell0056,-24.8,0.3,-119.2,-0.3,233.5
EP13-Cell0057,-144.8,0.3,-239.2,-0.3,233.5
EP14-Cell0001,114.3,0,0,0,198.8
EP14-Cell0002,-5.7,0,-120,0,198.8
EP14-Cell0003,-125.7,0,-240,0,198.8
EP14-Cell0004,121.8,0,7.5,0,220.1
EP14-Cell0005,1.8,0,-112.5,0,220.1
EP14-Cell0006,-118.2,0,-232.5,0,220.1
EP14-Cell0007,107.9,0.3,-6.4,-0.3,228
EP14-Cell0008,-12.1,0.3,-126.4,-0.3,228
EP14-Cell0009,-132.1,0.3,-246.4,-0.3,228
EP14-Cell0010,121.7,-0.2,7.4,0.2,209.5
EP14-Cell0011,1.7,-0.2,-112.6,0.2,209.5
EP14-Cell0012,-118.3,-0.2,-232.6,0.2,209.5
EP14-Cell0013,115.1,-0.2,0.8,0.2,199.9
EP14-Cell0014,-4.9,-0.2,-119.2,0.2,199.9
EP14-Cell0015,-124.9,-0.2,-239.2,0.2,199.9
EP14-Cell0016,113.1,0.3,-1.2,-0.3,232.4
EP14-Cell0017,-6.9,0.3,-121.2,-0.3,232.4
EP14-Cell0018,-126.9,0.3,-241.2,-0.3,232.4
EP14-Cell0019,105.9,0.1,-8.4,-0.1,214
EP14-Cell0020,-14.1,0.1,-128.4,-0.1,214
EP14-Cell0021,-134.1,0.1,-248.4,-0.1,214
EP14-Cell0022,130.7,0.1,16.4,-0.1,200.3
EP14-Cell0023,10.7,0.1,-103.6,-0.1,200.3
EP14-Cell0024,-109.3,0.1,-223.6,-0.1,200.3
EP14-Cell0025,128.2,-0.4,13.9,0.4,199.9
EP14-Cell0026,8.2,-0.4,-106.1,0.4,199.9
EP14-Cell0027,-111.8,-0.4,-226.1,0.4,199.9
EP14-Cell0028,115.8,0.3,1.5,-0.3,249.2
EP14-Cell0029,-4.2,0.3,-118.5,-0.3,249.2
EP14-Cell0030,-124.2,0.3,-238.5,-0.3,249.2
EP14-Cell0031,102.7,0,-11.6,0,200.2
EP14-Cell0032,-17.3,0,-131.6,0,200.2
EP14-Cell0033,-137.3,0,-251.6,0,200.2
EP14-Cell0034,96.7,0.6,-17.6,-0.6,229.8
EP14-Cell0035,-23.3,0.6,-137.6,-0.6,229.8
EP14-Cell0036,-143.3,0.6,-257.6,-0.6,229.8
EP14-Cell0037,111.4,0.7,-2.9,-0.7,196.1
EP14-Cell0038,-8.6,0.7,-122.9,-0.7,196.1
EP14-Cell0039,-128.6,0.7,-242.9,-0.7,196.1
EP14-Cell0040,129.3,0.2,15,-0.2,220.9
EP14-Cell0041,9.3,0.2,-105,-0.2,220.9
EP14-Cell0042,-110.7,0.2,-225,-0.2,220.9
EP14-Cell0043,121.6,-0.2,7.3,0.2,212.7
EP14-Cell0044,1.6,-0.2,-112.7,0.2,212.7
EP14-Cell0045,-118.4,-0.2,-232.7,0.2,212.7
EP14-Cell0046,109.5,0.1,-4.8,-0.1,224.5
EP14-Cell0047,-10.5,0.1,-124.8,-0.1,224.5
EP14-Cell0048,-130.5,0.1,-244.8,-0.1,224.5
EP14-Cell0049,100.1,0.5,-14.2,-0.5,210.4
EP14-Cell0050,-19.9,0.5,-134.2,-0.5,210.4
EP14-Cell0051,-139.9,0.5,-254.2,-0.5,210.4
EP14-Cell0052,103,0.7,-11.3,-0.7,222.3
EP14-Cell0053,-17,0.7,-131.3,-0.7,222.3
EP14-Cell0054,-137,0.7,-251.3,-0.7,222.3
EP14-Cell0055,122,-0.1,7.7,0.1,216.5
EP14-Cell0056,2,-0.1,-112.3,0.1,216.5
EP14-Cell0057,-118,-0.1,-232.3,0.1,216.5
EP15-Cell0001,118.9,0.4,0,-0.4,227.3
EP15-Cell0002,-1.1,0.4,-120,-0.4,227.3
EP15-Cell0003,-121.1,0.4,-240,-0.4,227.3
EP15-Cell0004,127.1,0.3,8.2,-0.3,198
EP15-Cell0005,7.1,0.3,-111.8,-0.3,198
EP15-Cell0006,-112.9,0.3,-231.8,-0.3,198
EP15-Cell0007,112,0.7,-6.9,-0.7,223.7
EP15-Cell0008,-8,0.7,-126.9,-0.7,223.7
EP15-Cell0009,-128,0.7,-246.9,-0.7,223.7
EP15-Cell0010,126.2,0.1,7.3,-0.1,199.2
EP15-Cell0011,6.2,0.1,-112.7,-0.1,199.2
EP15-Cell0012,-113.8,0.1,-232.7,-0.1,199.2
EP15-Cell0013,119.2,0.1,0.3,-0.1,199.7
EP15-Cell0014,-0.8,0.1,-119.7,-0.1,199.7
EP15-Cell0015,-120.8,0.1,-239.7,-0.1,199.7
EP15-Cell0016,118.5,0.7,-0.4,-0.7,197.6
EP15-Cell0017,-1.5,0.7,-120.4,-0.7,197.6
EP15-Cell0018,-121.5,0.7,-240.4,-0.7,197.6
EP15-Cell0019,110.5,0.5,-8.4,-0.5,198.1
EP15-Cell0020,-9.5,0.5,-128.4,-0.5,198.1
EP15-Cell0021,-129.5,0.5,-248.4,-0.5,198.1
EP15-Cell0022,136.5,0.5,17.6,-0.5,197.6
EP15-Cell0023,16.5,0.5,-102.4,-0.5,197.6
EP15-Cell0024,-103.5,0.5,-222.4,-0.5,197.6
EP15-Cell0025,132.4,-0.1,13.5,0.1,199.8
EP15-Cell0026,12.4,-0.1,-106.5,0.1,199.8
EP15-Cell0027,-107.6,-0.1,-226.5,0.1,199.8
EP15-Cell0028,119.4,0.5,0.5,-0.5,241.9
EP15-Cell0029,-0.6,0.5,-119.5,-0.5,241.9
EP15-Cell0030,-120.6,0.5,-239.5,-0.5,241.9
EP15-Cell0031,106.1,0.3,-12.8,-0.3,199.9
EP15-Cell0032,-13.9,0.3,-132.8,-0.3,199.9
EP15-Cell0033,-133.9,0.3,-252.8,-0.3,199.9
EP15-Cell0034,101,1.1,-17.9,-1.1,205.2
EP15-Cell0035,-19,1.1,-137.9,-1.1,205.2
EP15-Cell0036,-139,1.1,-257.9,-1.1,205.2
EP15-Cell0037,118,1.3,-0.9,-1.3,195.7
EP15-Cell0038,-2,1.3,-120.9,-1.3,195.7
EP15-Cell0039,-122,1.3,-240.9,-1.3,195.7
EP15-Cell0040,134.1,0.5,15.2,-0.5,229.2
EP15-Cell0041,14.1,0.5,-104.8,-0.5,229.2
EP15-Cell0042,-105.9,0.5,-224.8,-0.5,229.2
EP15-Cell0043,125.6,0.1,6.7,-0.1,200.2
EP15-Cell0044,5.6,0.1,-113.3,-0.1,200.2
EP15-Cell0045,-114.4,0.1,-233.3,-0.1,200.2
EP15-Cell0046,113.1,0.4,-5.8,-0.4,221.6
EP15-Cell0047,-6.9,0.4,-125.8,-0.4,221.6
EP15-Cell0048,-126.9,0.4,-245.8,-0.4,221.6
EP15-Cell0049,103.9,0.8,-15,-0.8,204.6
EP15-Cell0050,-16.1,0.8,-135,-0.8,204.6
EP15-Cell0051,-136.1,0.8,-255,-0.8,204.6
EP15-Cell0052,108.4,1.2,-10.5,-1.2,204.8
EP15-Cell0053,-11.6,1.2,-130.5,-1.2,204.8
EP15-Cell0054,-131.6,1.2,-250.5,-1.2,204.8
EP15-Cell0055,128.4,0.4,9.5,-0.4,196.6
EP15-Cell0056,8.4,0.4,-110.5,-0.4,196.6
EP15-Cell0057,-111.6,0.4,-230.5,-0.4,196.6
EP16-Cell0001,141.4,0.3,0,-0.3,197.5
EP16-Cell0002,21.4,0.3,-120,-0.3,197.5
EP16-Cell0003,-98.6,0.3,-240,-0.3,197.5
EP16-Cell0004,-208.4,0.2,-349.8,-0.2,197.4
EP16-Cell0005,-328.4,0.2,-469.8,-0.2,197.4
EP16-Cell0006,-448.4,0.2,-589.8,-0.2,197.4
EP16-Cell0007,131.6,0.7,-9.8,-0.7,230
EP16-Cell0008,11.6,0.7,-129.8,-0.7,230
EP16-Cell0009,-108.4,0.7,-249.8,-0.7,230
EP16-Cell0010,147.1,0,5.7,0,198.6
EP16-Cell0011,27.1,0,-114.3,0,198.6
EP16-Cell0012,-92.9,0,-234.3,0,198.6
EP16-Cell0013,138.3,0.1,-3.1,-0.1,198.7
EP16-Cell0014,18.3,0.1,-123.1,-0.1,198.7
EP16-Cell0015,-101.7,0.1,-243.1,-0.1,198.7
EP16-Cell0016,145.7,0.7,4.3,-0.7,196.2
EP16-Cell0017,25.7,0.7,-115.7,-0.7,196.2
EP16-Cell0018,-94.3,0.7,-235.7,-0.7,196.2
EP16-Cell0019,133.8,0.5,-7.6,-0.5,208.5
EP16-Cell0020,13.8,0.5,-127.6,-0.5,208.5
EP16-Cell0021,-106.2,0.5,-247.6,-0.5,208.5
EP16-Cell0022,-198.1,0.4,-339.5,-0.4,232.1
EP16-Cell0023,-318.1,0.4,-459.5,-0.4,232.1
EP16-Cell0024,-438.1,0.4,-579.5,-0.4,232.1
EP16-Cell0025,-208.6,-0.2,-350,0.2,199.5
EP16-Cell0026,-328.6,-0.2,-470,0.2,199.5
EP16-Cell0027,-448.6,-0.2,-590,0.2,199.5
EP16-Cell0028,136,0.5,-5.4,-0.5,240.2
EP16-Cell0029,16,0.5,-125.4,-0.5,240.2
EP16-Cell0030,-104,0.5,-245.4,-0.5,240.2
EP16-Cell0031,122.9,0.3,-18.5,-0.3,198.4
EP16-Cell0032,2.9,0.3,-138.5,-0.3,198.4
EP16-Cell0033,-117.1,0.3,-258.5,-0.3,198.4
EP16-Cell0034,123.9,1.3,-17.5,-1.3,220.5
EP16-Cell0035,3.9,1.3,-137.5,-1.3,220.5
EP16-Cell0036,-116.1,1.3,-257.5,-1.3,220.5
EP16-Cell0037,-208,1.3,-349.4,-1.3,227.8
EP16-Cell0038,-328,1.3,-469.4,-1.3,227.8
EP16-Cell0039,-448,1.3,-589.4,-1.3,227.8
EP16-Cell0040,-204,0.4,-345.4,-0.4,227
EP16-Cell0041,-324,0.4,-465.4,-0.4,227
EP16-Cell0042,-444,0.4,-585.4,-0.4,227
EP16-Cell0043,143.6,0,2.2,0,212.9
EP16-Cell0044,23.6,0,-117.8,0,212.9
EP16-Cell0045,-96.4,0,-237.8,0,212.9
EP16-Cell0046,130.1,0.4,-11.3,-0.4,214.7
EP16-Cell0047,10.1,0.4,-131.3,-0.4,214.7
EP16-Cell0048,-109.9,0.4,-251.3,-0.4,214.7
EP16-Cell0049,123.3,1,-18.1,-1,211.5
EP16-Cell0050,3.3,1,-138.1,-1,211.5
EP16-Cell0051,-116.7,1,-258.1,-1,211.5
EP16-Cell0052,137.1,1.4,-4.3,-1.4,228
EP16-Cell0053,17.1,1.4,-124.3,-1.4,228
EP16-Cell0054,-102.9,1.4,-244.3,-1.4,228
EP16-Cell0055,-202.1,0.2,-343.5,-0.2,196.2
EP16-Cell0056,-322.1,0.2,-463.5,-0.2,196.2
EP16-Cell0057,-442.1,0.2,-583.5,-0.2,196.2
EP17-Cell0001,-196.4,-0.1,0,0.1,230.6
EP17-Cell0002,-316.4,-0.1,-120,0.1,230.6
EP17-Cell0003,-436.4,-0.1,-240,0.1,230.6
EP17-Cell0004,-187.4,-0.2,9,0.2,215.4
EP17-Cell0005,-307.4,-0.2,-111,0.2,215.4
EP17-Cell0006,-427.4,-0.2,-231,0.2,215.4
EP17-Cell0007,-206.1,0.3,-9.7,-0.3,200.4
EP17-Cell0008,-326.1,0.3,-129.7,-0.3,200.4
EP17-Cell0009,-446.1,0.3,-249.7,-0.3,200.4
EP17-Cell0010,-194,-0.3,2.4,0.3,234.1
EP17-Cell0011,-314,-0.3,-117.6,0.3,234.1
EP17-Cell0012,-434,-0.3,-237.6,0.3,234.1
EP17-Cell0013,-202.2,-0.3,-5.8,0.3,198.9
EP17-Cell0014,-322.2,-0.3,-125.8,0.3,198.9
EP17-Cell0015,-442.2,-0.3,-245.8,0.3,198.9
EP17-Cell0016,-188.9,0.1,7.5,-0.1,203.1
EP17-Cell0017,-308.9,0.1,-112.5,-0.1,203.1
EP17-Cell0018,-428.9,0.1,-232.5,-0.1,203.1
EP17-Cell0019,-199.8,0,-3.4,0,218.3
EP17-Cell0020,-319.8,0,-123.4,0,218.3
EP17-Cell0021,-439.8,0,-243.4,0,218.3
EP17-Cell0022,-179.4,0,17,0,225.3
EP17-Cell0023,-299.4,0,-103,0,225.3
EP17-Cell0024,-419.4,0,-223,0,225.3
EP17-Cell0025,-192.1,-0.5,4.3,0.5,200.8
EP17-Cell0026,-312.1,-0.5,-115.7,0.5,200.8
EP17-Cell0027,-432.1,-0.5,-235.7,0.5,200.8
EP17-Cell0028,-206.8,0.2,-10.4,-0.2,237
EP17-Cell0029,-326.8,0.2,-130.4,-0.2,237
EP17-Cell0030,-446.8,0.2,-250.4,-0.2,237
EP17-Cell0031,144.1,-0.1,340.5,0.1,197.9
EP17-Cell0032,24.1,-0.1,220.5,0.1,197.9
EP17-Cell0033,-95.9,-0.1,100.5,0.1,197.9
EP17-Cell0034,-204.8,0.8,-8.4,-0.8,226.5
EP17-Cell0035,-324.8,0.8,-128.4,-0.8,226.5
EP17-Cell0036,-444.8,0.8,-248.4,-0.8,226.5
EP17-Cell0037,-179.4,0.6,17,-0.6,228.1
EP17-Cell0038,-299.4,0.6,-103,-0.6,228.1
EP17-Cell0039,-419.4,0.6,-223,-0.6,228.1
EP17-Cell0040,-186.3,0.1,10.1,-0.1,229.9
EP17-Cell0041,-306.3,0.1,-109.9,-0.1,229.9
EP17-Cell0042,-426.3,0.1,-229.9,-0.1,229.9
EP17-Cell0043,-199.3,-0.3,-2.9,0.3,233.7
EP17-Cell0044,-319.3,-0.3,-122.9,0.3,233.7
EP17-Cell0045,-439.3,-0.3,-242.9,0.3,233.7
EP17-Cell0046,149.2,0.1,345.6,-0.1,217.6
EP17-Cell0047,29.2,0.1,225.6,-0.1,217.6
EP17-Cell0048,-90.8,0.1,105.6,-0.1,217.6
EP17-Cell0049,148.6,0.5,345,-0.5,214.9
EP17-Cell0050,28.6,0.5,225,-0.5,214.9
EP17-Cell0051,-91.4,0.5,105,-0.5,214.9
EP17-Cell0052,-191.2,0.7,5.2,-0.7,229.8
EP17-Cell0053,-311.2,0.7,-114.8,-0.7,229.8
EP17-Cell0054,-431.2,0.7,-234.8,-0.7,229.8
EP17-Cell0055,-179.4,-0.2,17,0.2,197.6
EP17-Cell0056,-299.4,-0.2,-103,0.2,197.6
EP17-Cell0057,-419.4,-0.2,-223,0.2,197.6
EP18-Cell0001,-164.9,-0.5,0,0.5,222.6
EP18-Cell0002,-284.9,-0.5,-120,0.5,222.6
EP18-Cell0003,-404.9,-0.5,-240,0.5,222.6
EP18-Cell0004,-159.9,-0.5,5,0.5,225.6
EP18-Cell0005,-279.9,-0.5,-115,0.5,225.6
EP18-Cell0006,-399.9,-0.5,-235,0.5,225.6
EP18-Cell0007,-170.8,-0.2,-5.9,0.2,237.2
EP18-Cell0008,-290.8,-0.2,-125.9,0.2,237.2
EP18-Cell0009,-410.8,-0.2,-245.9,0.2,237.2
EP18-Cell0010,-166.5,-0.6,-1.6,0.6,217.1
EP18-Cell0011,-286.5,-0.6,-121.6,0.6,217.1
EP18-Cell0012,-406.5,-0.6,-241.6,0.6,217.1
EP18-Cell0013,-171.8,-0.6,-6.9,0.6,234.2
EP18-Cell0014,-291.8,-0.6,-126.9,0.6,234.2
EP18-Cell0015,-411.8,-0.6,-246.9,0.6,234.2
EP18-Cell0016,-157.4,-0.3,7.5,0.3,223.1
EP18-Cell0017,-277.4,-0.3,-112.5,0.3,223.1
EP18-Cell0018,-397.4,-0.3,-232.5,0.3,223.1
EP18-Cell0019,-162.7,-0.4,2.2,0.4,218.6
EP18-Cell0020,-282.7,-0.4,-117.8,0.4,218.6
EP18-Cell0021,-402.7,-0.4,-237.8,0.4,218.6
EP18-Cell0022,-155.8,-0.4,9.1,0.4,235.3
EP18-Cell0023,-275.8,-0.4,-110.9,0.4,235.3
EP18-Cell0024,-395.8,-0.4,-230.9,0.4,235.3
EP18-Cell0025,-167.9,-0.7,-3,0.7,236.6
EP18-Cell0026,-287.9,-0.7,-123,0.7,236.6
EP18-Cell0027,-407.9,-0.7,-243,0.7,236.6
EP18-Cell0028,-178.2,-0.2,-13.3,0.2,242.6
EP18-Cell0029,-298.2,-0.2,-133.3,0.2,242.6
EP18-Cell0030,-418.2,-0.2,-253.3,0.2,242.6
EP18-Cell0031,-177.8,-0.5,-12.9,0.5,228.5
EP18-Cell0032,-297.8,-0.5,-132.9,0.5,228.5
EP18-Cell0033,-417.8,-0.5,-252.9,0.5,228.5
EP18-Cell0034,-159.8,0,5.1,0,227.1
EP18-Cell0035,-279.8,0,-114.9,0,227.1
EP18-Cell0036,-399.8,0,-234.9,0,227.1
EP18-Cell0037,-149.6,-0.1,15.3,0.1,232.1
EP18-Cell0038,-269.6,-0.1,-104.7,0.1,232.1
EP18-Cell0039,-389.6,-0.1,-224.7,0.1,232.1
EP18-Cell0040,-162,-0.3,2.9,0.3,238.3
EP18-Cell0041,-282,-0.3,-117.1,0.3,238.3
EP18-Cell0042,-402,-0.3,-237.1,0.3,238.3
EP18-Cell0043,-172.7,-0.6,-7.8,0.6,235.3
EP18-Cell0044,-292.7,-0.6,-127.8,0.6,235.3
EP18-Cell0045,-412.7,-0.6,-247.8,0.6,235.3
EP18-Cell0046,-178,-0.4,-13.1,0.4,237.7
EP18-Cell0047,-298,-0.4,-133.1,0.4,237.7
EP18-Cell0048,-418,-0.4,-253.1,0.4,237.7
EP18-Cell0049,-169.3,-0.1,-4.4,0.1,236.7
EP18-Cell0050,-289.3,-0.1,-124.4,0.1,236.7
EP18-Cell0051,-409.3,-0.1,-244.4,0.1,236.7
EP18-Cell0052,-154,0,10.9,0,229.2
EP18-Cell0053,-274,0,-109.1,0,229.2
EP18-Cell0054,-394,0,-229.1,0,229.2
EP18-Cell0055,-153.1,-0.5,11.8,0.5,220.6
EP18-Cell0056,-273.1,-0.5,-108.2,0.5,220.6
EP18-Cell0057,-393.1,-0.5,-228.2,0.5,220.6
EP19-Cell0001,-147.3,-0.8,0,0.8,241.2
EP19-Cell0002,-267.3,-0.8,-120,0.8,241.2
EP19-Cell0003,-387.3,-0.8,-240,0.8,241.2
EP19-Cell0004,-144.3,-0.8,3,0.8,237.4
EP19-Cell0005,-264.3,-0.8,-117,0.8,237.4
EP19-Cell0006,-384.3,-0.8,-237,0.8,237.4
EP19-Cell0007,-151,-0.6,-3.7,0.6,241.8
EP19-Cell0008,-271,-0.6,-123.7,0.6,241.8
EP19-Cell0009,-391,-0.6,-243.7,0.6,241.8
EP19-Cell0010,-150.7,-1,-3.4,1,235.2
EP19-Cell0011,-270.7,-1,-123.4,1,235.2
EP19-Cell0012,-390.7,-1,-243.4,1,235.2
EP19-Cell0013,-154.3,-1,-7,1,232
EP19-Cell0014,-274.3,-1,-127,1,232
EP19-Cell0015,-394.3,-1,-247,1,232
EP19-Cell0016,-140.3,-0.7,7,0.7,240
EP19-Cell0017,-260.3,-0.7,-113,0.7,240
EP19-Cell0018,-380.3,-0.7,-233,0.7,240
EP19-Cell0019,-143.1,-0.8,4.2,0.8,236.2
EP19-Cell0020,-263.1,-0.8,-115.8,0.8,236.2
EP19-Cell0021,-383.1,-0.8,-235.8,0.8,236.2
EP19-Cell0022,-141.9,-0.6,5.4,0.6,244.2
EP19-Cell0023,-261.9,-0.6,-114.6,0.6,244.2
EP19-Cell0024,-381.9,-0.6,-234.6,0.6,244.2
EP19-Cell0025,-153.4,-1,-6.1,1,240.8
EP19-Cell0026,-273.4,-1,-126.1,1,240.8
EP19-Cell0027,-393.4,-1,-246.1,1,240.8
EP19-Cell0028,-161.1,-0.5,-13.8,0.5,247.8
EP19-Cell0029,-281.1,-0.5,-133.8,0.5,247.8
EP19-Cell0030,-401.1,-0.5,-253.8,0.5,247.8
EP19-Cell0031,-155.6,-1,-8.3,1,232.1
EP19-Cell0032,-275.6,-1,-128.3,1,232.1
EP19-Cell0033,-395.6,-1,-248.3,1,232.1
EP19-Cell0034,-138,-0.5,9.3,0.5,241.2
EP19-Cell0035,-258,-0.5,-110.7,0.5,241.2
EP19-Cell0036,-378,-0.5,-230.7,0.5,241.2
EP19-Cell0037,-133.6,-0.4,13.7,0.4,245
EP19-Cell0038,-253.6,-0.4,-106.3,0.4,245
EP19-Cell0039,-373.6,-0.4,-226.3,0.4,245
EP19-Cell0040,-147.6,-0.6,-0.3,0.6,252.8
EP19-Cell0041,-267.6,-0.6,-120.3,0.6,252.8
EP19-Cell0042,-387.6,-0.6,-240.3,0.6,252.8
EP19-Cell0043,-157,-0.9,-9.7,0.9,235.5
EP19-Cell0044,-277,-0.9,-129.7,0.9,235.5
EP19-Cell0045,-397,-0.9,-249.7,0.9,235.5
EP19-Cell0046,-158.7,-0.8,-11.4,0.8,240.6
EP19-Cell0047,-278.7,-0.8,-131.4,0.8,240.6
EP19-Cell0048,-398.7,-0.8,-251.4,0.8,240.6
EP19-Cell0049,-146.7,-0.5,0.6,0.5,245.2
EP19-Cell0050,-266.7,-0.5,-119.4,0.5,245.2
EP19-Cell0051,-386.7,-0.5,-239.4,0.5,245.2
EP19-Cell0052,-135.5,-0.4,11.8,0.4,243
EP19-Cell0053,-255.5,-0.4,-108.2,0.4,243
EP19-Cell0054,-375.5,-0.4,-228.2,0.4,243
EP19-Cell0055,-138.1,-0.8,9.2,0.8,239.9
EP19-Cell0056,-258.1,-0.8,-110.8,0.8,239.9
EP19-Cell0057,-378.1,-0.8,-230.8,0.8,239.9
EP20-Cell0001,-137.5,-0.3,0,0.3,198.6
EP20-Cell0002,-257.5,-0.3,-120,0.3,198.6
EP20-Cell0003,-377.5,-0.3,-240,0.3,198.6
EP20-Cell0004,-135,-0.3,2.5,0.3,199.6
EP20-Cell0005,-255,-0.3,-117.5,0.3,199.6
EP20-Cell0006,-375,-0.3,-237.5,0.3,199.6
EP20-Cell0007,-140.8,0,-3.3,0,229.8
EP20-Cell0008,-260.8,0,-123.3,0,229.8
EP20-Cell0009,-380.8,0,-243.3,0,229.8
EP20-Cell0010,-142.8,-0.5,-5.3,0.5,199.4
EP20-Cell0011,-262.8,-0.5,-125.3,0.5,199.4
EP20-Cell0012,-382.8,-0.5,-245.3,0.5,199.4
EP20-Cell0013,-146.5,-0.6,-9,0.6,198.4
EP20-Cell0014,-266.5,-0.6,-129,0.6,198.4
EP20-Cell0015,-386.5,-0.6,-249,0.6,198.4
EP20-Cell0016,-129,-0.1,8.5,0.1,233.8
EP20-Cell0017,-249,-0.1,-111.5,0.1,233.8
EP20-Cell0018,-369,-0.1,-231.5,0.1,233.8
EP20-Cell0019,-130.7,-0.2,6.8,0.2,231.7
EP20-Cell0020,-250.7,-0.2,-113.2,0.2,231.7
EP20-Cell0021,-370.7,-0.2,-233.2,0.2,231.7
EP20-Cell0022,-133.1,-0.2,4.4,0.2,235.8
EP20-Cell0023,-253.1,-0.2,-115.6,0.2,235.8
EP20-Cell0024,-373.1,-0.2,-235.6,0.2,235.8
EP20-Cell0025,-147.1,-0.7,-9.6,0.7,235.4
EP20-Cell0026,-267.1,-0.7,-129.6,0.7,235.4
EP20-Cell0027,-387.1,-0.7,-249.6,0.7,235.4
EP20-Cell0028,-155.7,0,-18.2,0,236.2
EP20-Cell0029,-275.7,0,-138.2,0,236.2
EP20-Cell0030,-395.7,0,-258.2,0,236.2
EP20-Cell0031,-145.4,-0.4,-7.9,0.4,195.9
EP20-Cell0032,-265.4,-0.4,-127.9,0.4,195.9
EP20-Cell0033,-385.4,-0.4,-247.9,0.4,195.9
EP20-Cell0034,-122.1,0.3,15.4,-0.3,231.4
EP20-Cell0035,-242.1,0.3,-104.6,-0.3,231.4
EP20-Cell0036,-362.1,0.3,-224.6,-0.3,231.4
EP20-Cell0037,-121.3,0.1,16.2,-0.1,199.3
EP20-Cell0038,-241.3,0.1,-103.8,-0.1,199.3
EP20-Cell0039,-361.3,0.1,-223.8,-0.1,199.3
EP20-Cell0040,-140,-0.1,-2.5,0.1,243.5
EP20-Cell0041,-260,-0.1,-122.5,0.1,243.5
EP20-Cell0042,-380,-0.1,-242.5,0.1,243.5
EP20-Cell0043,-150.9,-0.6,-13.4,0.6,234.4
EP20-Cell0044,-270.9,-0.6,-133.4,0.6,234.4
EP20-Cell0045,-390.9,-0.6,-253.4,0.6,234.4
EP20-Cell0046,-151.4,-0.2,-13.9,0.2,232
EP20-Cell0047,-271.4,-0.2,-133.9,0.2,232
EP20-Cell0048,-391.4,-0.2,-253.9,0.2,232
EP20-Cell0049,-133.1,0.2,4.4,-0.2,230.8
EP20-Cell0050,-253.1,0.2,-115.6,-0.2,230.8
EP20-Cell0051,-373.1,0.2,-235.6,-0.2,230.8
EP20-Cell0052,-121.6,0.3,15.9,-0.3,232.8
EP20-Cell0053,-241.6,0.3,-104.1,-0.3,232.8
EP20-Cell0054,-361.6,0.3,-224.1,-0.3,232.8
EP20-Cell0055,-127.7,-0.4,9.8,0.4,233.6
EP20-Cell0056,-247.7,-0.4,-110.2,0.4,233.6
EP20-Cell0057,-367.7,-0.4,-230.2,0.4,233.6